ASV#,,BLAST,AU1-167,AU2-167,AU3-167,AU4-167,AU5-167,CAMDEN1-B167,NZ1-167,NZ2-167,NZ3-167,NZ4-167,VC011-B167,VC013-B167,VC039-B167,VC040-B167,VC042-B167,VC044-B167,VC045-B167,VC046-B167,VC047-B167,VC048-B167,VC050-B167,VC119-B167,Total
ASV1,GAAGGCCTTCCAGTGGGCAAAACTGAAACAATTTGTGTAAGAAAATAAAATAGTAACGGATTATAACCCCAAGACAAACAAATGTGCTTCGCCCCATACTGATATAAATAAGTGATTGATTGAATGAATAAATAAATAAATAAATGTAGGAGAAGAGATAAATGTTCCTTTCAGAAGAATTCCAAATAACTTACATAAA,Junk,0,0,0,0,0,0,0,0,0,0,0,0,15665,13368,295,4251,8834,4925,75,3016,11535,0,61964
ASV2,TGCCCTACTTTGATAGGTTTTTCAAACAAAAATACCCAGAGCAGCAGTTTAACAAAATATAACCACTGTGGCGCTCAACAAATGGCATTACCCTGAGCACAGTTCTGTAAAAAGTATGTGCAAGAGTGTGTGTGTGTATTTTAAGTTATTTACATTGTGCAATTTTTTCTTATTTTGGGGATTTTGAACATAGACAACCACTGTAGCCCCTCCC,Junk,0,0,0,0,0,0,0,0,0,0,0,0,9068,9453,170,2264,4666,2114,121,1104,6789,0,35749
ASV3,GGCCAAGGGTCACTACACTGAAGGTGCTGAGCTTGTTGACTCTGTTCTTGATATCGTGAGACGCGAGGCCGAGAACAGTGACTCTCTCCAGGGTTTCCAGATCTCCCACTCGCTTGGTGGTGGTACCGGTTCCGGTATGGGTACTCTCTTGATTTCCAAGATCCGTGAAGAGTACCCCGATAGAATGATGGCTACTTTCTC,Junk,0,0,0,0,0,0,13190,9665,0,0,0,0,0,0,0,0,0,0,0,0,0,0,22855
ASV4,GGCAAAGGGACACTACACGGAAGGAGCTGAGCTCGTCGATAACGTCCTTGATGTAGTTCGCAAAGAGGCGGAAGGATGCGACTGTCTTCAGGTACTTTCAGGTCACGCAATTTTATGTTTTTTTTTTGCTAATTTCGGTGTTGCAGGGCTTCCAATTGACTCACTCGCTTGGAGGAGGTACCGGATCGGGTATGGGAACTCTCCTCATCTCTAAAATCCGCGAGGAGTACCCTGATAGGATTATGTCCTCGTTCTC,Hookworms,0,0,0,0,0,3122,0,0,0,12295,0,0,0,0,0,0,0,0,0,0,0,0,15417
ASV5,GGCAAAGGGACACTACACAGAGGGAGCTGAGCTCGTCGATAACGTCCTTGATGTAGTTCGCAAAGAGGCGGAAGGATGCGACTGTCTTCAGGTATTTCGCAACCGTGCAGTTATTCCTATAATTTTTTCCGCTGATCTGAGTTTTTCAGGGCTTCCAATTGACTCACTCGCTTGGAGGAGGTACCGGATCGGGTATGGGAACTCTCCTCATCTCAAAAATCCGCGAAGAGTACCCTGATAGGATTATGTCCTCGTTCTC,Hookworms,0,0,0,0,0,0,0,0,0,0,0,0,538,676,1450,2419,651,1610,2289,2528,0,0,12161
ASV6,GGCAAAGGGACACTACACAGAGGGAGCTGAGCTCGTCGATAACGTCCTTGATGTAGTTCGCAAAGAGGCGGAAGGATGCGACTGTCTTCAGGTATTTCGCAACCGTGCAGTTATTGCAAGTAATTTTTTGCTGATCTGAGTTTTACAGGGCTTCCAATTGACTCACTCGCTTGGAGGAGGTACCGGATCGGGTATGGGAACTCTCCTCATCTCAAAAATCCGCGAAGAGTACCCTGATAGGATTATGTCCTCGTTCTC,Hookworms,0,0,0,0,0,0,0,0,0,0,0,0,2013,1773,372,0,0,271,3896,1420,168,0,9913
ASV7,GGCAAAGGGACATTATACGGAAGGAGCAGAGCTCGTCGATAATGTGCTAGATGTAGTTCGTAAAGAAGCGGAAGGATGCGATTGCCTTCAGGTAATTTACTGCTGCATAGTACTCGTGCTGTTTTGTTAATCAGATATTTGCAGGGCTTCCAATTGACTCACTCACTTGGAGGAGGTACCGGATCGGGTATGGGAACTCTCCTCATCTCTAAAATTCGCGAAGAGTACCCTGATAGGATTATGTCTTCGTTCTC,Hookworms,0,0,0,0,0,0,2599,5629,0,0,0,0,0,0,0,0,0,0,0,0,0,0,8228
ASV8,GAGACTACCATTGTCAACATTGAGCGTTTCTTGGATAATGGCGGCACTCTCACAGATGAATCGCTAAAAAATCTGCTGGATAACAAATACGTGGAAGTCAGTGTATTCAGTTATTCAGAAAATGAAGGCTTTAACAGCCATGTAGGTGAAATTCCGGCATTCATCAAACAGCCTCCCCAGCTGATGAATGAAAATAACGGATCAAATTCCTTATGGGATGGAATCTTGAATAAGGAAGAAATGATAGAAGAATTGCCAAAGACGGAGTATCATATCCGTTCTTTGAAAGAATTGGGTGTGAACCGTCAGGAATTTATATTAGAAGGGCCGGGAAATCAGAAATTTATGC,Junk,0,0,0,0,0,0,0,0,6558,0,0,0,0,0,0,0,0,0,0,0,0,0,6558
ASV9,GGCAAAGGGACACTACACAGAGGGAGCTGAGCTCGTCGATAACGTCCTTGATGTAGTTCGCAAAGAGGCGGAAGGATGCGACTGTCTTCAGGTATTTCGCAATCGTGCAGGTCTTCCTGCATTTTTTTTGCTGATCTGATTTTTTCAGGGCTTCCAATTGACTCACTCGCTTGGAGGAGGTACCGGATCGGGTATGGGAACTCTCCTCATCTCAAAAATCCGCGAAGAGTACCCTGATAGGATTATGTCCTCGTTCTC,Hookworms,0,0,0,0,0,0,0,0,0,0,0,0,132,595,1415,482,0,0,1178,626,1248,0,5676
ASV10,GGCAAAGGGACACTACACAGAGGGAGCTGAGCTCGTCGATAACGTCCTTGATGTAGTTCGCAAAGAGGCGGAAGGATGCGACTGTCTTCAGGTATTTCGCAACCGTGCAGCTCTTCCTGCATTTTTTTTTTGCTGATCTGATTTTTTCAGGGCTTCCAATTGACTCACTCGCTTGGAGGAGGTACCGGATCGGGTATGGGAACTCTCCTCATCTCAAAAATCCGCGAAGAGTACCCTGATAGGATTATGTCCTCGTTCTC,Hookworms,0,0,0,0,0,0,0,0,0,0,0,0,831,2897,0,272,0,434,1040,0,0,0,5474
ASV11,GGCAAAGGGACACTACACGGAAGGAGCTGAGCTCGTCGATAACGTCCTTGATGTAGTTCGCAAAGAGGCGGAAGGATGCGACTGTCTTCAGGTACTTTCAGGTCATGCAATTTTATCTGTTTTTTTTTTGTTGCTAATTTCGGTGTTGCAGGGCTTCCAATTGACTCACTCGCTTGGAGGAGGTACCGGATCGGGTATGGGAACTCTCCTCATCTCTAAAATCCGCGAGGAGTACCCTGATAGGATCATGTCCTCGTTCTC,Hookworms,0,0,0,0,0,0,2172,0,0,3285,0,0,0,0,0,0,0,0,0,0,0,0,5457
ASV12,GGCAAAGGGACACTACACAGAGGGAGCTGAGCTCGTCGATAACGTCCTTGATGTAGTTCGCAAAGAGGCGGAAGGATGCGACTGTCTTCAGGTATTTCGCAACCGTGCAGCTATTCCTATAATTTTTTTGCTGATCTGATTTCTTCAGGGCTTCCAATTGACTCACTCGCTTGGAGGAGGTACCGGATCGGGTATGGGAACTCTCCTCATCTCAAAAATCCGCGAAGAGTACCCTGATAGGATTATGTCCTCGTTCTC,Hookworms,0,0,0,0,0,0,0,0,0,0,0,0,88,59,284,1065,1697,0,0,511,0,0,3704
ASV13,GGCAAAGGGACACTACACGGAAGGAGCTGAGCTCGTCGATAACGTCCTTGATGTAGTTCGCAAAGAGGCGGAAGGATGCGACTGTCTTCAGGTACCTTCTGACCATGCAATTATATCTGATTTTTTGGTGATTCCAGTTTTGCAGGGCTTCCAATTGACTCACTCACTTGGAGGAGGTACCGGATCGGGTATGGGAACTCTCCTCATCTCTAAAATCCGCGAGGAGTACCCTGATAGGATTATGTCCTCGTTCTC,Hookworms,0,0,0,0,0,0,0,0,0,0,3415,0,0,0,0,0,0,0,0,0,0,0,3415
ASV14,GGCAAAGGGACACTACACGGAAGGAGCTGAGCTCGTCGATAACGTCCTTGATGTAGTTCGCAAAGAGGCGGAAGGATGCGACTGTCTTCAGGTACTTTCACGTCAATTTTATCTTTTTTTTTTGCTGATTTCGTTGTTGCAGGGCTTCCAATTGACTCACTCGCTTGGAGGAGGTACCGGATCGGGTATGGGAACTCTCCTCATCTCAAAAATCCGCGAGGAGTACCCTGATAGGATCATGTCCTCGTTCTC,Hookworms,0,0,0,0,0,2979,0,0,0,0,0,0,0,0,0,0,0,0,0,0,0,0,2979
ASV15,GGCCAAGGGGCATTATACGGAAGGAGCAGAGCTTGTCGATAATGTGCTAGATGTAGTTCGTAAAGAAGCGGAAGGATGCGATTGCCTTCAGGTAATTTACTGCTGCTTAGTACCCGTGCTGTTTTGTTAATCAGACATTTGCAGGGCTTCCAATTGACTCACTCACTTGGAGGAGGTACCGGATCGGGTATGGGAACTCTCCTCATCTCTAAAATTCGCGAAGAGTACCCTGATAGGATTATGTCTTCATTCTC,Hookworms,0,0,0,0,0,0,2938,0,0,0,0,0,0,0,0,0,0,0,0,0,0,0,2938
ASV16,GGCAAAGGGACACTACACGGAAGGAGCTGAGCTCGTCGATAACGTCCTTGATGTAGTTCGCAAAGAGGCGGAAGGATGCGACTGTCTTCAGGTACTTTCAGGTCATGCAGTTTTGTCTGTTTTTTTTTCTGCTGATTTCGTTGTTGCAGGGCTTCCAATTGACTCACTCGCTTGGAGGAGGTACCGGATCGGGTATGGGAACTCTCCTCATCTCAAAAATCCGCGAGGAGTACCCTGATAGGATCATGTCCTCGTTCTC,Hookworms,0,0,0,0,0,0,0,0,0,0,0,0,0,0,490,0,0,0,0,0,2409,0,2899
ASV17,GGCAAAGGGACACTACACGGAAGGAGCTGAGCTCGTCGATAACGTCCTTGATGTAGTTCGCAAAGAGGCGGAAGGATGCGACTGTCTTCAGGTACCTTCTGACCATGCAATTATATCTGATTTTTTGCTGATTCCAGTTTTGCAGGGCTTCCAATTGACTCACTCACTTGGAGGAGGTACCGGATCGGGTATGGGAACTCTCCTCATCTCTAAAATCCGCGAGGAGTACCCTGATAGGATTATGTCCTCGTTCTC,Hookworms,0,0,0,0,0,0,0,0,0,0,2850,0,0,0,0,0,0,0,0,0,0,0,2850
ASV18,GGCAAAGGGACACTACACAGAGGGAGCTGAGCTCGTCGATAACGTCCTTGATGTAGTTCGCAAAGAGGCGGAAGGATGCGACTGTCTTCAGGTATTTCGCAACCGTGCAGTTATTGCAAGTAATTTTTTGCTGATCTGACTTTTACAGGGCTTCCAATTGACTCACTCGCTTGGAGGAGGTACCGGATCGGGTATGGGAACTCTCCTCATCTCAAAAATCCGCGAAGAGTACCCTGATAGGATTATGTCCTCGTTCTC,Hookworms,0,0,0,0,0,0,0,0,0,0,0,0,0,215,253,0,1945,0,136,292,0,0,2841
ASV19,GGCAAAGGGACACTACACGGAAGGAGCTGAGCTCGTCGATAACGTCCTTGATGTAGTTCGCAAAGAGGCGGAAGGATGCGACTGTCTTCAGGTACTTTCAGGTCATGCATTTTTATCTGTTTTTTTTTTGCTGATTTCGTTGTTGCAGGGCTTCCAATTGACTCACTCGCTTGGAGGAGGTACCGGATCGGGTATGGGAACTCTCCTCATCTCAAAAATCCGCGAGGAGTACCCTGATAGGATCATGTCCTCGTTCTC,Hookworms,0,0,0,0,0,2822,0,0,0,0,0,0,0,0,0,0,0,0,0,0,0,0,2822
ASV20,GGCAAAGGGACACTACACAGAGGGAGCTGAGCTCGTCGATAACGTCCTTGATGTAGTTCGCAAAGAGGCGGAAGGATGCGACTGTCTTCAGGTATTTCGCAACCGTGCAGTTATTCCTATATTTTTTCCGCTGATCTGAGTTTTACAGGGCTTCCAATTGACTCACTCGCTTGGAGGAGGTACCGGATCGGGTATGGGAACTCTCCTCATCTCAAAAATCCGCGAAGAGTACCCTGATAGGATTATGTCCTCGTTCTC,Hookworms,0,0,0,0,0,0,0,0,0,0,0,0,891,216,0,0,0,0,1334,327,0,0,2768
ASV21,GGCAAAGGGACACTACACAGAGGGAGCTGAGCTCGTCGATAACGTCCTTGATGTAGTTCGCAAAGAGGCGGAAGGATGCGACTGTCTTCAGGTATTTCGCAACCGTGCAGTTATTGCAAGTAATTTCTTGCTGATCTGAGTTTTACAGGGCTTCCAATTGACTCACTCGCTTGGAGGAGGTACCGGATCGGGTATGGGAACTCTCCTCATCTCAAAAATCCGCGAAGAGTACCCTGATAGGATTATGTCCTCGTTCTC,Hookworms,0,0,0,0,0,0,0,0,0,0,0,0,0,205,1072,309,0,695,0,0,0,0,2281
ASV22,GGCAAAGGGACACTACACAGAGGGAGCTGAGCTCGTCGATAACGTCCTTGATGTAGTTCGCAAAGAGGCGGAAGGATGCGACTGTCTTCAGGTATTTCGCAACCGTGCAGCTCTTCCTGCATTTTTTTGCTGATCTGATTTTTTCAGGGCTTCCAATTGACTCACTCGCTTGGAGGAGGTACCGGATCGGGTATGGGAACTCTCCTCATCTCAAAAATCCGCGAAGAGTACCCTGATAGGATTATGTCCTCGTTCTC,Hookworms,0,0,0,0,0,0,0,0,0,0,0,0,0,0,2266,0,0,0,0,0,0,0,2266
ASV23,GGCAAAGGGACACTACACAGAGGGAGCTGAGCTCGTCGATAACGTCCTTGATGTAGTTCGCAAAGAGGCGGAAGGATGCGATTGTCTTCAGGTATTTCGCAACCGTGCAGCTCTTCCTGCATTTTTTTGCTGATCTGATTTTTTCAGGGCTTCCAATTGACTCACTCGCTTGGAGGAGGTACCGGATCGGGTATGGGAACTCTCCTCATCTCAAAAATCCGCGAAGAGTACCCTGATAGGATTATGTCCTCGTTCTC,Hookworms,0,0,0,0,0,0,0,0,0,0,0,0,0,437,363,0,0,0,531,341,579,0,2251
ASV24,GGCAAAGGGGCACTACACGGAAGGAGCCGAGCTCGTCGATAACGTCCTTGATGTAGTTCGCAAAGAGGCGGAAGGATGCGACTGTCTTCAGGTACTTTCAGGTCATGCAATATGATCTGTTTTTTTTTTTTGCTGATTTCGTTGTTGCAGGGCTTCCAATTGACTCACTCGCTTGGAGGAGGTACCGGATCGGGTATGGGAACTCTCCTCATCTCAAAAATCCGCGAGGAGTACCCTGATAGGATCATGTCCTCGTTCTC,Hookworms,0,0,0,0,0,0,0,0,0,0,0,0,0,0,2234,0,0,0,0,0,0,0,2234
ASV25,GGCAAAGGGACACTACACAGAGGGAGCTGAGCTCGTCGATAACGTCCTTGATGTAGTTCGCAAAGAGGCGGAAGGATGCGACTGTCTTCAGGTATTTCGCAACCGTGCAGCTATTCCTGCAATTTTTTTGCTGATCTGATTTTTTTCAGGGCTTCCAATTGACTCACTCGCTTGGAGGAGGTACCGGATCGGGTATGGGAACTCTCCTCATCTCAAAAATCCGCGAAGAGTACCCTGATAGGATTATGTCCTCGTTCTC,Hookworms,0,0,0,0,0,0,0,0,0,0,0,0,347,310,887,0,0,0,676,0,0,0,2220
ASV26,GGCAAAGGGGCATTATACGGAAGGAGCAGAGCTTGTCGATAATGTGCTAGATGTAGTTCGTAAAGAAGCGGAAGGATGCGATTGCCTTCAGGTAATTTACTGCTGATTAGTATTTGTGCTGTTTTGTTAATCAGACATTTGCAGGGCTTCCAATTGACTCACTCACTTGGAGGAGGTACCGGATCGGGTATGGGAACTCTCCTCATCTCTAAAATTCGCGAAGAGTACCCTGATAGGATTATGTCTTCATTCTC,Hookworms,0,0,0,0,0,0,2167,0,0,0,0,0,0,0,0,0,0,0,0,0,0,0,2167
ASV27,GGCAAAGGGACATTATACGGAAGGAGCAGAGCTCGTCGATAATGTGCTAGATGTAGTTCGTAAAGAAGCGGAAGGATGCGATTGCCTTCAGGTAATTTACTGCTGCATAGTACTCTTGCAGTTTTGTTAATCAGATATTTGCAGGGCTTCCAATTGACTCACTCACTTGGAGGAGGTACCGGATCGGGTATGGGAACTCTCCTCATCTCTAAAATTCGCGAAGAGTACCCTGATAGGATTATGTCTTCATTCTC,Hookworms,0,0,0,0,0,0,0,2079,0,0,0,0,0,0,0,0,0,0,0,0,0,0,2079
ASV28,GGCAAAGGGACACTACACAGAGGGAGCTGAGCTCGTCGATAACGTCCTTGATGTAGTTCGCAAAGAGGCGGAAGGATGCGACTGTCTTCAGGTATTTCGCAACCGTGCAGCTCTTCCTGCATTTTTTTTGCTGATCTGATTTTTTCAGGGCTTCCAATTGACTCACTCGCTTGGAGGAGGTACCGGATCGGGTATGGGAACTCTCCTCATCTCAAAAATCCGCGAAGAGTACCCTGATAGGATTATGTCCTCGTTCTC,Hookworms,0,0,0,0,0,0,0,0,0,0,0,0,0,0,0,0,0,0,0,2061,0,0,2061
ASV29,GGCAAAGGGGCACTACACGGAAGGAGCCGAGCTCGTCGATAACGTCCTTGATGTAGTTCGCAAAGAGGCGGAAGGATGCGACTGTCTTCAGGTACTTTCAGGTCATGCAATATGATCTGTTTTTTTTTTGCTGATTTCGTTGTTGCAGGGCTTCCAATTGACTCACTCGCTTGGAGGAGGTACCGGATCGGGTATGGGAACTCTCCTCATCTCAAAAATCCGCGAGGAGTACCCTGATAGGATCATGTCCTCGTTCTC,Hookworms,0,0,0,0,0,0,0,0,0,0,0,0,0,0,0,1551,0,0,0,0,462,0,2013
ASV30,GGCAAAGGGACACTACACGGAAGGAGCTGAGCTCGTCGATAACGTCCTTGATGTAGTTCGCAAAGAGGCGGAAGGATGCGACTGTCTTCAGGTACTTTCAGGTCATGCAATTTTATCTGGTTTTTTTTTTGCTGATTTCGTTGTTGCAGGGCTTCCAATTGACTCACTCGCTTGGAGGAGGTACCGGATCGGGTATGGGAACTCTCCTCATCTCAAAAATCCGCGAGGAGTACCCTGATAGGATCATGTCCTCGTTCTC,Hookworms,0,0,0,0,0,0,0,0,0,0,0,0,411,0,0,0,0,0,0,0,1583,0,1994
ASV31,GGCAAAGGGTCACTACACTGAAGGAGCGGAGCTGGTCGATTCTGTTCTCGAGGTTGTGCGCAAAGAGGTCGAGAGCTGTGACTGCCTACAAGGCTTCCAGTTGACACACTCGCTGGGTGGTGGCACTGGCTCTGGTATGGGCACGTTGCTTATCAGCAAGATCCGCGAGGAATACCCTGACCGCATCATGTCAACTTTCTC,Junk,0,0,0,0,0,0,0,0,0,0,0,0,0,0,0,0,0,1935,0,0,0,0,1935
ASV32,GGCAAAGGGACACTACACAGAGGGAGCTGAGCTCGTCGATAACGTCCTTGATGTAGTTCGCAAAGAGGCGGAAGGATGCGACTGTCTTCAGGTATTTCGCAACCGTGCAGTTATTCCTATTTTTTTAAACTAATAATATATGAGCTTTACAGGGCTTCCAATTGACTCACTCGCTTGGAGGAGGTACCGGATCGGGTATGGGAACTCTCCTCATCTCAAAAATCCGCGAAGAGTACCCTGATAGGATTATGTCCTCGTTCTC,Hookworms,0,0,0,0,0,0,0,0,0,0,0,0,0,220,175,0,0,0,1259,0,0,0,1654
ASV33,GGCAAAGGGACACTACACAGAGGGAGCTGAGCTCGTCGATAACGTCCTTGATGTAGTTCGCAAAGAGGCGGAAGGATGCGACTGTCTTCAGGTATTTCGCAACCGTGCAGCTATTCCTGCAATTTTTTTGCTGATCTGATTTTTTTCAGGGCTTCCAATTGACTCACTCGCTTGGAGGAGGTACCGGATCGGGTATGGGAACTCTCCTCATCTCAAAAATCCGCGAAGAGTACCCTGACAGGATTATGTCCTCGTTCTC,Hookworms,0,0,0,0,0,0,0,0,0,0,0,0,0,0,0,0,0,617,962,0,0,0,1579
ASV34,GGCAAAGGGACACTACACAGAGGGAGCTGAGCTCGTCGATAACGTCCTTGATGTAGTTCGCAAAGAGGCGGAAGGATGCGACTGTCTTCAGGTATTTCGCAACCGTGCAGTTATTGCAAGTAATTTTTTTGCTGATCTGAATTTTACAGGGCTTCCAATTGACTCACTCGCTTGGAGGAGGTACCGGATCGGGTATGGGAACTCTCCTCATCTCAAAAATCCGCGAAGAGTACCCTGATAGGATTATGTCCTCGTTCTC,Hookworms,0,0,0,0,0,0,0,0,0,0,0,0,0,0,0,0,0,0,634,873,0,0,1507
ASV35,GGCAAAGGGACACTACACAGAGGGAGCTGAGCTCGTCGATAACGTCCTTGATGTAGTTCGCAAGGAGGCGGAAGGATGCGACTGTCTTCAGGTATTTCGCAACCGTGCAGTTATTGCAAGTAATTTTTTGCTGATCTGAGTTTTACAGGGCTTCCAATTGACTCACTCGCTTGGAGGAGGTACCGGATCGGGTATGGGAACTCTCCTCATCTCAAAAATCCGCGAAGAGTACCCTGATAGGATTATGTCCTCGTTCTC,Hookworms,0,0,0,0,0,0,0,0,0,0,0,0,0,335,0,206,0,0,0,897,0,0,1438
ASV36,GGCAAAGGGACATTATACGGAAGGAGCAGAGCTCGTCGATAATGTGCTAGATGTAGTTCGTAAAGAAGCGGAAGGATGCGATTGCCTTCAGGTAATTCACTGCTGCATAGTACTCGTGCTGTTTTGTTAATCAGATATTTGCAGGGCTTCCAATTGACTCACTCACTTGGAGGAGGTACCGGATCGGGTATGGGAACTCTCCTCATCTCTAAAATTCGCGAAGAGTACCCTGATAGGATTATGTCTTCGTTCTC,Hookworms,0,0,0,0,0,0,0,1432,0,0,0,0,0,0,0,0,0,0,0,0,0,0,1432
ASV37,CGTAGAAGGTTGTTTCATTTATGGCTAGCATTTTCAGTTTCCCCAGAGACTGGGCTCTAGACGGAAGAGTCATGACTTGCAGAGTGGATCCCACATCTTTTTTTTTGATGCCACATCTTAATGGACATGAGACAGGAGAATGGCTGGCTCCATGGGGGAGTGATTTCAATCTGCGTATTCTCTTAACTCTCTCATGTTCGTGACCTGCAATGTGTTCCATATGTCATGGCTGCTGAGGAGGAAGACCTTTTCCATATGCCTCTGTCTGAACTGGTGGTTTTTGTCAGCCAGCATAGACATCGGGGGGTGCATATCATCGAGTCCTGCACAGCGGGGGTCTTAGCCCGGTT,Junk,0,0,0,0,0,0,0,0,0,0,0,0,286,188,0,0,0,210,0,0,736,0,1420
ASV38,GGCAAAGGGGCACTACACGGAAGGAGCTGAGCTCGTCGATAACGTCCTTGATGTAGTTCGCAAAGAGGCGGAAGGATGCGATTGTCTTCAGGTACTTTCGGGTCATGTAGTTTTATCTGTTTTTTTTTTTGCTGATTTCGTTGTTGCAGGGCTTCCAATTGACTCACTCGCTTGGAGGAGGTACCGGATCGGGTATGGGAACTCTCCTCATCTCAAAAATCCGCGAGGAGTACCCTGATAGGATCATGTCCTCGTTCTC,Hookworms,0,0,0,0,0,0,0,0,0,0,0,0,0,0,0,0,0,0,0,0,1384,0,1384
ASV39,GGCAAAGGGACACTACACAGAGGGAGCTGAGCTCGTCGATAACGTCCTTGATGTAGTTCGCAAAGAGGCGGAAGGATGCGACTGTCTCCAGGTATTTCGCAACCGTGCAGTTATTGCAAGTAATTTTTTGCTGATCTGAGTTTTACAGGGCTTCCAATTGACTCACTCGCTTGGAGGAGGTACCGGATCGGGTATGGGAACTCTCCTCATCTCAAAAATCCGCGAAGAGTACCCTGATAGGATTATGTCCTCGTTCTC,Hookworms,0,0,0,0,0,0,0,0,0,0,0,0,181,0,0,0,0,0,0,246,896,0,1323
ASV40,GGCAAAGGGACACTACACAGAGGGAGCTGAGCTCGTCGATAACGTCCTTGATGTAGTTCGCAAAGAGGCGGAAGGATGCGACTGTCTTCAGGTATTTCGCAACCGTGCAGTTATTGCAAGTAATTTTTTGCTGATCTGAGTTTTACAGGGCTTCCAATTGACTCACTCGCTTGGAGGAGGTACCGGATCGGGTATGGGAACTCTCCTCATCTCAAAAATCCGCGAAGAGTACCCTGATAGAATTATGTCCTCGTTCTC,Hookworms,0,0,0,0,0,0,0,0,0,0,0,0,322,437,0,0,0,0,426,110,0,0,1295
ASV41,GGCAAAGGGACACTACACAGAGGGAGCTGAGCTCGTCGATAACGTCCTTGATGTAGTTCGCAAAGAGGCGGAAGGATGCGACTGTCTTCAGGTATTTCGCAACCGTGCAGCTCTTCCTGCATTTTTTTTTTGCTGATCTGATTTTTTCAGGGCTTCCAATTGACTCACTCGCTTGGAGGAGGTACCGGATCGGGTATGGGAACTCTCCTCATCTCAAAAATCCGCGAAGAGTACCCTGATAGGATTATGTCTTCGTTCTC,Hookworms,0,0,0,0,0,0,0,0,0,0,0,0,0,0,0,0,459,0,801,0,0,0,1260
ASV42,GGCAAAGGGACACTACACAGAGGGAGCTGAGCTCGTCGATAACGTCCTTGATGTAGTTCGCAAAGAGGCGGAAGGATGCGACTGTCTTCAGGTATTTCGCAACCGTGCAGTTATTGCAAGTCATTTTTTGCTGATCTGAGTTTTACAGGGCTTCCAATTGACTCACTCGCTTGGAGGAGGTACCGGATCGGGTATGGGAACTCTCCTCATCTCAAAAATCCGCGAAGAGTACCCTGATAGGATTATGTCCTCGTTCTC,Hookworms,0,0,0,0,0,0,0,0,0,0,0,0,137,180,0,0,0,0,941,0,0,0,1258
ASV43,GGCAAAGGGACACTACACAGAGGGAGCTGAGCTCGTCGATAACGTCCTTGATGTAGTTCGCAAAGAGGCGGAAGGATGCGACTGTCTTCAGGTATTTCGCAGCCGTGCAGCTATTCCTATAATTTTTTTGCTGATCTGATTTCTTCAGGGCTTCCAATTGACTCACTCGCTTGGAGGAGGTACCGGATCGGGTATGGGAACTCTCCTCATCTCAAAAATCCGCGAAGAGTACCCTGATAGGATTATGTCCTCGTTCTC,Hookworms,0,0,0,0,0,0,0,0,0,0,0,0,0,0,0,0,1257,0,0,0,0,0,1257
ASV44,AGCAAAGGGACACTACACGGAAGGAGCTGAGCTCGTCGATAACGTCCTTGATGTAGTTCGCAAAGAGGCGGAAGGATGCGACTGTCTTCAGGTACTTTCAGGTCACGCAATTTTATGTTTTTTTTTTGCTAATTTCGGTGTTGCAGGGCTTCCAATTGACTCACTCGCTTGGAGGAGGTACCGGATCGGGTATGGGAACTCTCCTCATCTCTAAAATCCGCGAGGAGTACCCTGATAGGATTATGTCCTCGTTCTC,Hookworms,0,0,0,0,0,255,0,0,0,991,0,0,0,0,0,0,0,0,0,0,0,0,1246
ASV45,GCTCATTCTAATGAGATTAGAGCCTAACATTTCCTGAGTTTTGGGGTTTTGATTTCAGGAAAATTATTGCTCGAATTTACCAGTTCTGTGAGGCTAAAATGAGAGATGCATTATTTTTGTTCTAAGACTTAGAACAGTGGACTGACAAATGGGAAAATTAAGCTCTTATTTGCTTTCATTAATTTGATCACTGTTACCAAGTTCTGTGAAGTCTGGCAAACTAAGACCCA,Junk,0,0,0,0,0,0,0,0,0,0,0,0,465,347,0,0,0,78,0,0,356,0,1246
ASV46,CTTGTTGCGTGTGATGTGTATCGTCCGGCAGCGATTAAACAGCTGCAGATCAACGGAGAGAAGCAGGGCGTGGAAGTATTCTCCATGGGAGATAAAAACAAGCCTGCTGACATCGCAAAAGCGGCGCTTGAGCATGCGCGCAAGAATGGAAATAACATCGTGATCCTGGATACAGCGGGACGTCTTCACTTCTTCATGCC,Junk,1216,0,3,0,7,0,0,0,0,0,0,0,0,0,0,0,0,0,0,0,0,0,1226
ASV47,GGCAAAGGGGCACTACACGGAAGGAGCTGAGCTCGTCGATAACGTCCTTGATGTAGTTCGCAAAGAGGCGGAAGGATGCGATTGTCTTCAGGTACTTTCGGGTCATGTAGTTTTATCTGTTTTTTTTTTGCTGATTTCGTTGTTGCAGGGCTTCCAATTGACTCACTCGCTTGGAGGAGGTACCGGATCGGGTATGGGAACTCTCCTCATCTCAAAAATCCGCGAGGAGTACCCTGATAGGATCATGTCCTCGTTCTC,Hookworms,0,0,0,0,0,0,0,0,0,0,0,0,1225,0,0,0,0,0,0,0,0,0,1225
ASV48,GGCAAAGGGACACTACACAGAGGGAGCTGAGCTCGTCGATAACGTCCTTGATGTAGTTCGCAAAGAGGCGGAAGGATGCGACTGTCTTCAGGTATTTCGCAACCGTGCAGTTATTCCTATATTTTTTCCGCTGAACTGAGTTTTACAGGGCTTCCAATTGACTCACTCGCTTGGAGGAGGTACCGGATCGGGTATGGGAACTCTCCTCATCTCAAAAATCCGCGAAGAGTACCCTGATAGGATTATGTCCTCGTTCTC,Hookworms,0,0,0,0,0,0,0,0,0,0,0,0,0,0,0,0,1082,0,0,0,0,0,1082
ASV49,GGCAAAGGGGCACTACACGGAAGGAGCTGAGCTCGTCGATAACGTCCTTGATGTAGTTCGCAAAGAGGCGGAAGGATGCGACTGTCTTCAGGTACTTTCGGGTCATGTAGTTTTATCTGTTTTTTTTTTTTTGCTGATTTCGTTGTTGCAGGGCTTCCAATTGACTCACTCGCTTGGAGGAGGTACCGGATCGGGTATGGGAACTCTCCTCATCTCAAAAATCCGCGAGGAGTACCCTGATAGGATCATGTCCTCGTTCTC,Hookworms,0,0,0,0,0,0,0,0,0,0,0,0,0,0,0,0,0,0,0,0,1056,0,1056
ASV50,CAATGCTGGACCTGCTTTACCAACGAAGAGGTACACGAGATACTACGGAAAGGTCTGCCCGACTCTCCCCTTTTCAACGGACAAATCCAAAGCATCGGACCGCGTTATTGTCCCAGTATAGAAACCAAAATCGTAACCTTCCCCGACAAGCCGCAACATCAGCTTTTCCTGGAACCCGAAGGAGAAACCACACAGGAACTTTACCTGAACGTCTTCACTTCTTCATGCC,Junk,0,0,0,1020,0,0,0,0,0,0,0,0,0,0,0,0,0,0,0,0,0,0,1020
ASV51,GGCAAAGGGACACTACACAGAGGGCGCTGAGCTCGTCGATAACGTCCTTGATGTAGTTCGCAAAGAGGCGGAAGGATGCGACTGTCTTCAGGTATTTCGCAACCGTGCAGCTCTTCCTGCATTTTTTTGCTGATCTGATTTTTTCAGGGCTTCCAATTGACTCACTCGCTTGGAGGAGGTACCGGATCGGGTATGGGAACTCTCCTCATCTCAAAAATCCGCGAAGAGTACCCTGATAGGATTATGTCCTCGTTCTC,Hookworms,0,0,0,0,0,0,0,0,0,0,0,0,0,0,0,0,1016,0,0,0,0,0,1016
ASV52,GGCAAAGGGGCACTACACGGAAGGAGCTGAGCTCGTCGATAACGTCCTTGATGTAGTTCGCAAAGAGGCGGAAGGATGCGACTGTCTTCAGGTACTTTCAGGTCGTGCAATTTTATCTTCTTTTTTTTTTTGCTGATTTCGGTGTTGCAGGGCTTCCAATTGACTCACTCGCTTGGAGGAGGTACCGGATCGGGTATGGGAACTCTCCTCATCTCTAAAATCCGCGAGGAGTACCCTGATAGGATCATGTCCTCGTTCTC,Hookworms,0,0,0,0,0,0,1004,0,0,0,0,0,0,0,0,0,0,0,0,0,0,0,1004
ASV53,GAGCTTGTATTGTATAAGCTCACAAATACACCGATCAAAGGTGTACTTCTTGGAACGATAGTTACAGCGATTATTCAGTCATCTTCCGCAACGACCGTCATGGTTGTCGGATTCGTAAATTCGGGAATGATGAAAGTCGCACAGGCGATTGGAATTATCATGGGAGCAAATATCGGTACGAGTGTTACCGGATGGATTCTTTGTCTTTCCTATATTGATGGATCCAGCGGTATCGCACAGT,Junk,0,0,0,0,0,0,0,0,0,0,849,0,0,0,0,0,0,122,0,0,0,0,971
ASV54,GGCAAAGGGGCACTACACGGAAGGAGCTGAGCTCGTCGATAACGTCCTTGATGTAGTTCGCAAAGAGGCGGAAGGATGCGATTGTCTTCAGGTACTTTCGGGTCATGTAGTTTTATCTGTTTTTTTTTGCTGATTTCGTTGTTGCAGGGCTTCCAATTGACTCACTCGCTTGGAGGAGGTACCGGATCGGGTATGGGAACTCTCCTCATCTCAAAAATCCGCGAGGAGTACCCTGATAGGATCATGTCCTCGTTCTC,Hookworms,0,0,0,0,0,0,0,0,0,0,0,0,0,0,960,0,0,0,0,0,0,0,960
ASV55,GGCAAAGGGACACTACACAGAGGGAGCTGAGCTCGTCGATAACGTCCTTGATGTAGTTCGCAAAGAGGCGGAAGGATGCGACTGTCTCCAGGTATTTCGCAACCGTGCAGTTATTGCAAGTAATTTCTTGCTGATCTTAGTTTTACAGGGCTTCCAATTGACTCACTCGCTTGGAGGAGGTACCGGATCGGGTATGGGAACTCTCCTCATCTCAAAAATCCGCGAAGAGTACCCTGATAGGATTATGTCCTCGTTCTC,Hookworms,0,0,0,0,0,0,0,0,0,0,0,0,0,0,0,0,0,880,0,0,0,0,880
ASV56,GGCAAAGGGGCATTATACGGAAGGAGCAGAGCTTGTCGATAATGTGCTAGATGTAGTTCGTAAAGAAGCGGAAGGATGCGATTGCCTTCAGGTAATTTACTGCTGATTAGTATTTGTGCTGTTTTGTTAATCAGACATTTGCAGGGCTTCCAATTGACTCACCCACTTGGAGGAGGTACCGGATCGGGTATAGGAACTCTCCTCATCTCTAAAATTCGCGAAGAGTACCCTGATAGGATTATGTCTTCATTCTC,Hookworms,0,0,0,0,0,0,876,0,0,0,0,0,0,0,0,0,0,0,0,0,0,0,876
ASV57,GGCAAAGGGACACTACACAGAGGGAGCTGAGCTCGTCGATAACGTCCTTGATGTAGTTCGCAAAGAGGCGGAAGGATGCGACTGTCTTCAGGTATTTCGCAACCGTGCAGCTATTCCTGCAATTTTTTTTGCTGATCTGATTTTTTTCAGGGCTTCCAATTGACTCACTCGCTTGGAGGAGGTACCGGATCGGGTATGGGAACTCTCCTCATCTCAAAAATCCGCGAAGAGTACCCTGACAGGATTATGTCCTCGTTCTC,Hookworms,0,0,0,0,0,0,0,0,0,0,0,0,0,0,0,0,0,0,0,843,0,0,843
ASV58,GTGCCTTATACATTGTTATCCAATGCTTATAGTAATCAGCAAATGTCATATCTGTCTTAGGTGATACACTACCTTGAAGATAGTTATGCTCCATTTCGACCAACCAATCTTGAGCATCACTTTTCTTCTGGAATGTCTTTTGTTTACGATAGCGCTTCTTACCAGCTCCTTTGGTAAACTCTGCAAAATAGCCGTTGGTTCGTTTAACTATCCTACTCATCAGCTTCAACAACCTTCTTCTTGCGTCTTGATTTTGGTGGATTCTCCCAATCAAAAGTCCACGGTACCAATGTCCAATGATCACCTTGTAAGGCTAACGGATGTTTAGGTTTA,Junk,0,0,0,0,0,804,0,0,0,0,0,0,0,0,0,0,0,0,0,0,0,0,804
ASV59,GGCAAAGGGACACTACACAGAGGGAGCTGAGCTCGTCGATAACGTCCTTGATGTAGTTCGCAAAGAGGCGGAAGGATGCGACTGTCTTCAGGTATTTTGAAGCCATTCAGCTATCCCTTTATTTTTTTGCTGATCTGGTTTTTTTCAGGGCTTCCAATTGACTCACTCGCTTGGAGGAGGTACCGGATCGGGTATGGGAACTCTCCTCATCTCAAAAATCCGCGAAGAGTACCCTGATAGGATTATGTCCTCGTTCTC,Hookworms,0,0,0,0,0,0,0,0,0,0,0,0,0,326,474,0,0,0,0,0,0,0,800
ASV60,GAAGGCCTTCCAGTGGGCAAAACTGAAACAATTTGTGTAAGAAAATAAAATAGTAACGGATTATAACCCCAAGACAAACAAATGTGCTTCGCCCCATACTGATATAAATAAGTGATTGATTGAATGAATAAATAAATAAATAAATGTAGGAGAAGAGATAAATGTTCCTTTCAGAAGAATTCCAAATAACTTACATAAATGTTGTCCACGCACCAAAG,Junk,0,0,0,0,0,0,0,0,0,0,0,0,182,188,0,0,130,75,0,35,171,0,781
ASV61,TATCACCATATTTTACTGCTACACAGTTGTTAATACCATTGTTTGGTCCCCATGTAGTAGTTGCGGCTCCACTCCATCCCTGTGCTGTAAAGAATGTTCTGTATTTGTTAGAGTCATCAGCTGTTGGTGCATCACCATTAATAAGTCCTTCTTTGTACATTTTGTGAATGATATCAAGGTTTGCTAAAACGTCTTCACTTCTTCATGCC,Junk,0,0,0,0,714,0,0,0,0,0,0,0,0,0,0,0,0,0,0,0,0,0,714
ASV62,GGCAAAGGGACACTACACGGAAGGAGCTGAGCTCGTCGATAACGTCCTTGATGTAGTTCGCAAAGAGGCGGAAGGATGCGACTGTCTTCAGGTACTTTCAGGTCATGCAATTTTGTCTGTTTTTTTTTCCTGCTGATTTCGTTGTTGCAGGGCTTCCAATTGACTCACTCGCTTGGAGGAGGTACCGGATCGGGTATGGGAACTCTCCTCATCTCAAAAATCCGCGAGGAGTACCCTGATAGGATCATGTCCTCGTTCTC,Hookworms,0,0,0,0,0,0,0,0,0,0,0,0,171,0,0,495,0,0,0,0,0,0,666
ASV63,CGCTATACCCACCATGTGCATCTTTGATGCGAACGTGCTTGGAGGGATTCGAACCCCCGACCCACGGCTTAGAAGGCCGTTGCTCTATCCAGCTGAGCTACAAACACATCACATTAAACCTTTTGGGCTTAACGTAAGCGGGTGATGGGAATCGAACCCACATATCCAGCTTGGAAGGCTGGTGTTCTACCACTGAACTACACCCGCATAAAATAAATAACATTTCTTTTTTTAAGAAACAGTCGGGGTGACAGGATTCGAACCTGCGACCTCCTGGTCCCAAACCAGGCGCTCTAGCCAAGCTGAGCCACACCCCGAAAGTGTTTTT,Junk,0,0,0,0,0,291,0,0,0,0,0,0,0,0,0,0,337,0,0,0,0,0,628
ASV64,GGCAAAGGGACATTATACGGAAGGAGCAGAGCTCGTCGATAATGTGCTAGATGTAGTTCGTAAAGAAGCGGAAGGATGCGATTGCCTTCAGGTAATTTACTGCTGCATAGTACTCGTGCTGTTTTGTTAATCAGATATTTGCAGGGCTTCCAATTGACTCACTCACTTGGAGGAGGTACCGGATCGGGTATGGGAACTCTCCTCATCTCTAAAATTCGCGAAGAGTACCCTGATAGGATTGTGTCTTCGTTCTC,Hookworms,0,0,0,0,0,0,591,0,0,0,0,0,0,0,0,0,0,0,0,0,0,0,591
ASV65,GGCAAAGGGACACTACACAGAGGGAGCTGAGCTCGTCGATAACGTCCTTGATGTAGTTCGCAAAGAGGCGGAAGGATGCGACTGTCTTCAGGTATTTCGCAACCGTGCAGTTATTCCTATAATTTTTTTTTTCCGCTGATCTGAGTTTTTCAGGGCTTTCAATTGACTCACTCGCTTGGAGGAGGTACCGGATCGGGTATGGGAACTCTCCTCATCTCAAAAATCCGCGAAGAGTACCCTGATAGGATTATGTCCTCGTTCTC,Hookworms,0,0,0,0,0,0,0,0,0,0,0,0,0,0,0,0,0,0,583,0,0,0,583
ASV66,GGCAAAGGGACACTACACAGAGGGAGCTGAGCTCGTCGATAACGTCCTTGATGTAGTTCGCAAAGAGGCGGAAGGATGCGACTGTCTTCAGGTATTTCGCAACCGTGCAGGTCTTCCTGCATTTTTTGCTTATCTGATTTTTTTCAGGGCTTCCAATTGACTCACTCGCTTGGAGGAGGTACCGGATCGGGTATGGGAACTCTCCTCATCTCAAAAATCCGCGAAGAGTACCCTGATAGGATTATGTCCTCGTTCTC,Hookworms,0,0,0,0,0,0,0,0,0,0,0,0,0,0,0,0,0,0,578,0,0,0,578
ASV67,CGTAGAAGGTTGTTTCATTTATGGCAAGCATTTTCAGTTTCCCCAGAGACTGGGCTCTAGACGGAAGAGTCATGACTTGCAGAGTGGATCCCACATCTTTTTTTTTGATGCTACATCTTAATGGACATGAGACAGGAGAATGGCTGGCTCCATGGGGGAGTGATTTCAATCTGCGTATTCTCTTAACTCTCTCATGTTCGTGACCTGCAATGTGTTCCATATGTCATGGCTGCTGAGGAGGAAGACCTTTTCCATATGCCTCTGTCTGAACTGGTGGTTTTTGTCAGCCAGCAAAGACATCGGGGGGTGCATATCATCGAGTCCTGCACAGCGGGGGTCTCAGCCCGGTT,Junk,0,0,0,0,0,0,0,0,0,0,0,0,0,97,0,365,99,0,0,0,0,0,561
ASV68,GCTCATTCTAATGAGATTAGAGCCTAACATTTCCTGAGTTTTGGGGTTTTGATTTCAGGAAAATTATTGCTCGAATTTACCAGTTCTGTGAGGCTAAATGAGAGATGCATTATTTTTGTTCTAAGACTTAGAACAGTGGACTGACAAATGGGAAAATTAAGCTCTTATTTGCTTTCATTAATTTGATCACTGTTACCAAGTTCTGTGAAGTCTGGCAAACTAAGACCCA,Junk,0,0,0,0,0,0,0,0,0,0,0,0,0,0,0,560,0,0,0,0,0,0,560
ASV69,GGCAAAGGGACACTACACAGAGGGAGCTGAGCTCGTCGATAACGTCCTTGATGTAGTTCGCAAAGAGGCGGAAGGATGCGACTGTCTTCAGGTATTTCGCAACCGTGCAGTTATTCCTATTTTTTTAAACTAATAATATATAAGCTTTACAGGGCTTCCAATTGACTCACTCGCTTGGAGGAGGTACCGGATCGGGTATGGGAACTCTCCTCATCTCAAAAATCCGCGAAGAGTACCCTGATAGGATTATGTCCTCGTTCTC,Hookworms,0,0,0,0,0,0,0,0,0,0,0,0,0,0,540,0,0,0,0,0,0,0,540
ASV70,GGCAAAGGGACACTACACGGAAGGAGCTGAGCTCGTCGATAACGTCCTTGATGTAGTTCGCAAAGAGGCGGAAGGATGCGACTGTCTTCAGGTATATTCAGATCAATTTTATCTTCTTTTTTTTGCTAATTTCGTTGTTGCAGGGCTTCCAATTGACTCACTCGCTTGGAGGAGGTACCGGATCGGGTATGGGAACTCTCCTCATCTCAAAAATCCGCGAGGAGTACCCTGATAGGATCATGTCCTCGTTCTC,Hookworms,0,0,0,0,0,0,0,0,0,0,0,0,38,0,0,0,0,0,0,0,498,0,536
ASV71,GGCAAAGGGACACTACACGGAAGGAGCTGAGCTCGTCGATAACGTCCTTGATGTAGTTCGCAAAGAGGCGGAAGGATGCGACTGTCTTCAGGTACTTTCAGGTCACGCAATTTTATGTTTTTTTTTGCTAATTTCGGTGTTGCAAGGCTTCCAATTGACTCACTCGCTTGGAGGAGGTACCGGATCGGGTATGGGAACTCTCCTCATCTCTAAAATCCGCGAGGAGTACCCTGATAGGATTATGTCCTCGTTCTC,Hookworms,0,0,0,0,0,0,0,0,0,534,0,0,0,0,0,0,0,0,0,0,0,0,534
ASV72,GGCAAAGGGACACTACACAGAGGGAGCTGAGCTCGTCGATAACGTCCTTGATGTAGTTCGCAAAGAGGCGGAAGGATGCGACTGTCTTCAGGTATTTCGCAACCGCGCAGCTCTTCCTGCATTTTTTTTGCTGATCTGATTTTTTCAGGGCTTCCAATTGACTCACTCGCTTGGAGGAGGTACCGGATCGGGTATGGGAACTCTCCTCATCTCAAAAATCCGCGAAGAGTACCCTGATAGGATTATGTCCTCGTTCTC,Hookworms,0,0,0,0,0,0,0,0,0,0,0,0,0,0,0,0,0,0,517,0,0,0,517
ASV73,GGCAAAGGGACACTACACGGAAGGAGCTGAGCTCGTCGATAACGTCCTTGATGTAGTTCGCAAAGAGGCGGAAGGATGCGACTGTCTTCAGGTACTTTCAGGTCATGCAATTTTATCTGTTTTTTTTTTGTTGCTAATTTCGGTGTTGCAGGGCTTCCAATTGACTCACTTGCTTGGAGGAGGTACCGGATCGGGTATGGGAACTCTCCTCATCTCTAAAATCCGCGAGGAGTACCCTGATAGGATCATGTCCTCGTTCTC,Hookworms,0,0,0,0,0,0,0,0,0,473,0,0,0,0,0,0,0,0,0,0,0,0,473
ASV74,GGCAAAGGGGCACTACACGGAAGGAGCTGAGCTCGTCGATAACGTCCTTGATGTAGTTCGCAAAGAGGCGGAAGGATGCGACTGTCTTCAGGTACTTTCGGGTCATGCAGTTTTATCTGTTTTTTTTTTTTGCTGATTTCGTTGTTGCAGGGCTTCCAATTGACTCACTCGCTTGGAGGAGGTACCGGATCGGGTATGGGAACTCTCCTCATCTCAAAAATCCGCGAGGAGTACCCTGATAGGATCATGTCCTCGTTCTC,Hookworms,0,0,0,0,0,0,0,0,0,0,0,0,0,0,0,450,0,0,0,0,0,0,450
ASV75,GGCAAAGGGACACTACACAGAGGGAGCTGAGCTCGTCGATAACGTCCTTGATGTAGTTCGCAAAGAGGCGGAAGGATGCGACTGTCTTCAGGTATTTCGCAACCGTGCAGTTATTCCTATATTTTTTTTCCGCTGATCTGAGTTTTTCAGGGCTTCCAATTGACTCACTCGCTTGGAGGAGGTACCGGATCGGGTATGGGAACTCTCCTCATCTCAAAAATCCGCGAAGAGTACCCTGATAGGATTATGTCCTCGTTCTC,Hookworms,0,0,0,0,0,0,0,0,0,0,0,0,290,143,0,0,0,0,0,0,0,0,433
ASV76,GGCAAAGGGACACTACACAGAGGGAGCTGAGCTCGTCGATAACGTCCTTGATGTAGTTCGCAAAGAGGCGGAAGGATGCGACTGTCTTCAGGTATTTCGCAACCGCGCAGTTATTGCAAGTAATTTTTTGCTGATCTGAGTTTTACAGGGCTTCCAATTGACTCACTCGCTTGGAGGAGGTACCGGATCGGGTATGGGAACTCTCCTCATCTCAAAAATCCGCGAAGAGTACCCTGATAGGATTATGTCCTCGTTCTC,Hookworms,0,0,0,0,0,0,0,0,0,0,0,0,0,0,0,0,0,433,0,0,0,0,433
ASV77,GGCAAAGGGGCACTACACGGAAGGAGCCGAGCTCGTTGATAACGTCCTTGATGTAGTTCGCAAAGAGGCGGAAGGATGCGACTGTCTTCAGGTACTTTCATGTCATGCAATATGATCTGTTTTTTTTTGCTGATTTCGTTGTTGCAGGGCTTCCAATTGACTCACTCGCTTGGAGGAGGTACCGGATCGGGTATGGGAACTCTCCTCATCTCAAAAATCCGCGAGGAGTACCCTGATAGGATCATGTCCTCGTTCTC,Hookworms,0,0,0,0,0,0,0,0,0,0,0,0,0,0,0,430,0,0,0,0,0,0,430
ASV78,GGCAAAGGGACACTACACAGAGGGAGCTGAGCTCGTCGATAACGTCCTTGATGTAGTTCGCAAAGAGGCGGAAGGATGCGACTGTCTTCAGGTATTTCGCAACCGTGCAGTTATTCCTATAATCTTTTCCGCTGATCTGAGTTTTACAGGGCTTCCAATTGACTCACTCGCTTGGAGGAGGTACCGGATCGGGTATGGGAACTCTCCTCATCTCAAAAATCCGCGAAGAGTACCCTGATAGGATTATGTCCTCGTTCTC,Hookworms,0,0,0,0,0,0,0,0,0,0,0,0,0,0,0,0,0,0,419,0,0,0,419
ASV79,GGCAAAGGGACACTACACGGAAGGAGCTGAGCTCGTCGATAACGTCCTTGATGTAGTTCGCAAAGAGGCGGAAGGATGCGACTGTCTTCAGGTACTTTCAGGTCACGCAATTTTATGTTTTTTTTTTGCTAATTTCGGTGTTGCAGGGCTTCCAATTGACTCACTCGCTTGGAGGAGGTACCGGATCGGGTATGGGAACTCTCCTCATCTCTAAAATCCGCGAGGAGTACCCTGATAGGATTATGACCTCGTTCTC,Hookworms,0,0,0,0,0,0,0,0,0,398,0,0,0,0,0,0,0,0,0,0,0,0,398
ASV80,CGCAAAGGGACACTACACGGAAGGAGCTGAGCTCGTCGATAACGTCCTTGATGTAGTTCGCAAAGAGGCGGAAGGATGCGACTGTCTTCAGGTACTTTCAGGTCACGCAATTTTATGTTTTTTTTTTGCTAATTTCGGTGTTGCAGGGCTTCCAATTGACTCACTCGCTTGGAGGAGGTACCGGATCGGGTATGGGAACTCTCCTCATCTCTAAAATCCGCGAGGAGTACCCTGATAGGATTATGTCCTCGTTCTC,Hookworms,0,0,0,0,0,0,0,0,0,391,0,0,0,0,0,0,0,0,0,0,0,0,391
ASV81,GGCAAAGGGACACTACACAGAGGGAGCTGAGCTCGTCGATAACGTCCTTGATGTAGTTCGCAAAGAGGCAGAAGGATGCGACTGTCTTCAGGTATTTCGCAACCGTGCAGCTCTTCCTGCATTTTTTTTTTTGCTGATCTGATTTTTTCAGGGCTTCCAATTGACTCACTCGCTTGGAGGAGGTACCGGATCGGGTATGGGAACTCTCCTCATCTCAAAAATCCGCGAAGAGTACCCTGATAGGATTATGTCCTCGTTCTC,Hookworms,0,0,0,0,0,0,0,0,0,0,0,0,0,0,0,381,0,0,0,0,0,0,381
ASV82,GGCAAAGGGACACTACACGGAAGGAGCTGAGCTCGTCGATAACGTCCTTGATGTAGTTCGCAAAGAGGCGGAAGGATGCGACTGTCTTCAGGTACTTTCACGTCAATTTTGTCTTTTTTTTTGCTGATTTCGTTGTTGCAGGGCTTCCAATTGACTCACTCGCTTGGAGGAGGTACCGGATCGGGTATGGGAACTCTCCTCATCTCAAAAATCCGCGAGGAGTACCCTGATAGGATCATGTCCTCGTTCTC,Hookworms,0,0,0,0,0,0,0,0,0,0,0,0,0,0,376,0,0,0,0,0,0,0,376
ASV83,CATGAATATTTATACCGTAGGAAAGGCTTCTCAGGGACTGGCAGATTATATCAACCGCCATTTCCCAAAAGAAGAGCGGAAAATTGCAATCAGCTATGACAGCCGGATTAAGAGCAGCCTGTTTGCAAAGCGGGCTGCGGAGGTTTTTGCGGCCAATGGGATCAGGGTATTTATCTATACGGAGCTGATGCCCACTCCGA,Junk,0,0,0,0,0,0,0,0,0,0,0,0,0,0,0,0,0,0,0,375,0,0,375
ASV84,GGCAAAGGGACACTACACAGAGGGAGCTGAGCTCGTCGATAACGTCCTTGATGTAGTTCGCAAAGAGGCGGAAGGATGCGACTGTCTTCAGGTATTTCGCAACCATGCAGCTATTCCTGCAATTTTTTTGCTGATCTGATTTTTTTTCAGGGCTTCCAATTGACTCACTCGCTTGGAGGAGGTACCGGATCGGGTATGGGAACTCTCCTCATCTCAAAAATCCGCGAAGAGTACCCTGATAGGATTATGTCCTCGTTCTC,Hookworms,0,0,0,0,0,0,0,0,0,0,0,0,0,0,0,0,0,0,374,0,0,0,374
ASV85,GGCAAAGGGGCACTACACGGAAGGAGCTGAGCTCGTCGATAACGTCCTTGATGTAGTTCGCAAAGAGGCGGAAGGATGCGACTGTCTTCAGGTACTTTCAGGTCATGCAGTTTGATCTGTTTTTTTTTGCTGATTTCGTTGTTGCAGGGCTTCCAATTGACTCACTCGCTTGGAGGAGGTACCGGATCGGGTATGGGAACTCTCCTCATTTCAAAAATCCGCGAGGAGTACCCTGATAGGATCATGTCCTCGTTCTC,Hookworms,0,0,0,0,0,0,0,0,0,0,0,0,0,0,365,0,0,0,0,0,0,0,365
ASV86,GGCAAAGGGACACTACACGGAAGGAGCTGAGCTCGTCGATAACGTCCTTGATGTAGTTCGCAAAGAGGCGGAAGGATGCGACTGTCTTCAGGTACTTTCAGGTCATGCAATTTTATCTGTTTTTTTTTTTGCTGATTTCGTTGTTGCAGGGCTTCCAATTGACTCACTCGCTTGGAGGAGGTACCGGATCGGGTATGGGAACTCTCCTCATCTCAAAAATCCGCGAGGAGTACCCTGATAGGATCATGTCCTCGTTCTC,Hookworms,0,0,0,0,0,0,0,0,0,0,0,0,0,0,0,344,0,0,0,0,0,0,344
ASV87,GGCAAAGGGACACTACACAGAGGGAGCTGAGCTCGTCGATAACGTCCTTGATGTAGTTCGCAAAGAGGCGGAAGGATGCGACTGTCTTCAGGTATTTCGCAACCGTGCAGTTATTGCAAGTATTTTTTTGCTGATCTGAGTTTTACAGGGCTTCCAATTGACTCACTCGCTTGGAGGAGGTACCGGATCGGGTATGGGAACTCTCCTCATCTCAAAAATCCGCGAAGAGTACCCTGATAGGATTATGTCCTCGTTCTC,Hookworms,0,0,0,0,0,0,0,0,0,0,0,0,103,237,0,0,0,0,0,0,0,0,340
ASV88,GGCAAAGGGACACTACACGGAAGGAGCTGAGCTCGTCGATAACGTCCTTGATGTAGTTCGCAAAGAGGCGGAAGGATGCGATTGTCTTCAGGTACTTTCAGGTCATGCAATTTTATCTGGTTTTTTTTTTCTGATTTCGTTGTTGCAGGGCTTCCAATTGACTCACTCGCTTGGAGGAGGTACCGGATCGGGTATGGGAACTCTCCTCATCTCAAAAATCCGCGAGGAGTACCCTGATAGGATCATGTCCTCGTTCTC,Hookworms,0,0,0,0,0,0,0,0,0,0,0,0,0,0,340,0,0,0,0,0,0,0,340
ASV89,GGCAAAGGGACACTACACGGAAGGAGCTGAGCTCGTCGATAACGTCCTTCATGTAGTTCGCAAAGAGGCGGAAGGATGCGACTGTCTTCAGGTACTTTCAGGTCATGCATTTTTATCTGTTTTTTTTTTGCTGATTTCGTTGTTGCAGGGCTTCCAATTGACTCACTCGCTTGGAGGAGGTACCGGATCGGGTATGGGAACTCTCCTCATCTCAAAAATCCGCGAGGAGTACCCTGATAGGATCATGTCCTCGTTCTC,Hookworms,0,0,0,0,0,322,0,0,0,0,0,0,0,0,0,0,0,0,0,0,0,0,322
ASV90,GGCAAAGGGACACTACACGGAAGGAGCTGAGCTCGTCGATAACGTCCTTGATGTAGTTCGCAAAGAGGCGGAAGGATGCGACTGTCTTCAGGTACTTTCAGGTCATGCAGTTTTGTCTGTTTTTTTTCTGCTGATTTCGTTGTTGCAGGGCTTCCAATTGACTCACTCGCTTGGAGGAGGTACCGGATCGGGTATGGGAACTCTCCTCATCTCAAAAATCCGCGAGGAGTACCCTGATAGGATCATGTCCTCGTTCTC,Hookworms,0,0,0,0,0,0,0,0,0,0,0,0,311,0,0,0,0,0,0,0,0,0,311
ASV91,CCACACAGCAGGTCATGTCCCTGTTGCGAATTCAATGCAAATTCTGGGGTGGTGGCCCTATTAATATTCAAGCAACAGTAGCCTCCTGATATCAGCCGCAATCCATCCCTTTTGTTGTCACTTTTGAGCCGCTGGCAGCCGTCATTTCCCTTCACACTCCATGCCCTGCTGGCCTTCACTTCTGGGCTGA,No match,0,0,0,0,0,0,0,0,0,0,0,0,0,0,297,0,0,0,0,0,0,0,297
ASV92,GAAGGCCTTCCAGTGGGCAAAACTGAAACAATTTGTGTAAGAAAATAAAATAGTAACGGATTATAACCCCAAGACAAACAAATGTGCTTCACCCCATACTGATATAAATAAGTGATTGATTGAATGAATAAATAAATAAATAAATGTAGGAGAAGAGATAAATGTTCCTTTCAGAAGAATTCCAAATAACTTACATAAA,Junk,0,0,0,0,0,0,0,0,0,0,0,0,0,0,0,0,0,294,0,0,0,0,294
ASV93,GGCTAAGGGACACTACACAGAGGGAGCTGAGCTCGTCGATAACGTCCTTGATGTAGTTCGCAAAGAGGCGGAAGGATGCGACTGTCTTCAGGTATTTCGCAACCGTGCAGTTATTGCAAGTAATTTTTTGCTGATCTGAGTTTTACAGGGCTTCCAATTGACTCACTCGCTTGGAGGAGGTACCGGATCGGGTATGGGAACTCTCCTCATCTCAAAAATCCGCGAAGAGTACCCTGATAGGATTATGTCCTCGTTCTC,Hookworms,0,0,0,0,0,0,0,0,0,0,0,0,0,0,0,0,0,0,272,0,0,0,272
ASV94,TGCCCTACTTTGATAGGTTTTTCAAACAAAAATACCCAGAGCAGCAGTTTAACAAAATATAACCACTGTGGCGCTCAACAAATGGCATTACCCTGAGCACAGTTCTGTAAAAAGTATGTGCAAGAGAGTGTGTGTGTATTTTAAGTTATTTACATTGTGCAATTTTTTCTTATTTTGGGGATTTTGAACATAGACAACCACTGTAGCCCCTCCC,Junk,0,0,0,0,0,0,0,0,0,0,0,0,0,188,0,82,0,0,0,0,0,0,270
ASV95,GAAGGCCTTCCAGTGGGCAAAACTGAAACAATTTGTGTAAGAAAATAAAATAGTAACGGATTATAACCCCAAGACAAACAAATGTGCTTCGCCCCATACTGATATAAATAAGTGATTGAATGAATGAATGAATAAATAAATAAATGTAGGAGAAGAGATAAATGTTCCTTTCAGAAGAATTCCAAATAACTTACATAAA,Junk,0,0,0,0,0,0,0,0,0,0,0,0,0,0,152,0,0,0,0,116,0,0,268
ASV96,CCACATAATCGAGAACCTCCACGCTTCCTGTTTCCTTATCCACCTCAACTTCTGCCATTCCGACCATAAAAGGCGGCGGAGAAATCTCCGAGGAGTAACTTGAAGTTATCTGAAGCTCGCTGTTGTTTCCGCAGGTAGACTTTCCTGCAATTTCCTTTAAGGAAACGCTCTTTTCTCCTGATGTGACGAACTCGCCGTCAAACTCTGCATTTTCGGGCTCTGTTTCCAGCATTTTCGCTCCAAAAGCAAGAATTTTTTCCCTCAATTCCTCACACGCCTTAATAACCGCATTTCCTGTTGTGTA,Junk,0,0,0,0,0,0,0,0,0,0,0,0,0,0,0,0,0,265,0,0,0,0,265
ASV97,GGCAAAGGGACATTATACGGAAGGAGCAGAGCTCGTCGATAATGTGCTAGATGTAGTTCGTAAAGAAGCGGAAGGATGCGATTGCCTTCAGGTAATTTACTGCTGCATAATACTCGTGCTGTTTTGTTAATCAGATATTTGCAGGGCTTCCAATTGACTCACTCACTTGGAGGAGGTACCGGATCGGGTATGGGAACTCTCCTCATCTCTAAAATTCGCGAAGAGTACCCTGATAGGATTATGTCTTCGTTCTC,Hookworms,0,0,0,0,0,0,0,259,0,0,0,0,0,0,0,0,0,0,0,0,0,0,259
ASV98,GGCCAAGGGTCACTACACTGAAGGTGCTGAGCTTGTTGACTCTGTTCTTGATATCGTGAGACGCGAGGCCGAGAACAGTGACTCTCTCCAGGGTTTCCAGATCTCCTACTCGCTTGGTGGTGGTACCGGTTCCGGTATGGGTACTCTCTTGATTTCCAAGATCCGTGAAGAGTACCCCGATAGAATGATGGCTACTTTCTC,Junk,0,0,0,0,0,0,0,256,0,0,0,0,0,0,0,0,0,0,0,0,0,0,256
ASV99,GGCAAAGGGACACTACACAGAGGGAGCTGAGCTCGTCGATAACGTCCTTGATGTAGTTCGCAAAGAGGCGGAAGGATGCGACTGTCTTCAGGTATTTCGCAACCGTGCAGCTCTTCCTGCATTTTCTTTTGCTGATCTGATTTTTTCAGGGCTTCCAATTGACTCACTCGCTTGGAGGAGGTACCGGATCGGGTATGGGAACTCTCCTCATCTCAAAAATCCGCGAAGAGTACCCTGATAGGATTATGTCCTCGTTCTC,Hookworms,0,0,0,0,0,0,0,0,0,0,0,0,0,244,0,0,0,0,0,0,0,0,244
ASV100,GGCAAAGGGACACTACACAGAGGGAGCTGAGCTCGTCGATAACGTCCTTGATGTAGTTCGCAAAGAGGCGGAAGGATGCGACTGTCTCCAGGTATTTCGCAACCGTGCAGCTATTCCTATAATTTTTTTGCTGATCTGATTTCTTCAGGGCTTCCAATTGACTCACTCGCTTGGAGGAGGTACCGGATCGGGTATGGGAACTCTCCTCATCTCAAAAATCCGCGAAGAGTACCCTGATAGGATTATGTCCTCGTTCTC,Hookworms,0,0,0,0,0,0,0,0,0,0,0,0,243,0,0,0,0,0,0,0,0,0,243
ASV101,CGGATATTTTTCAATGATGATGCTGGTACTTAGGAAAGCTCCCAGAATGGTTCTATTATTCAGAATTCTTGGTTCAAGCAACTGAAATGGACCCTGGCTGGCTTAAGTAGATTTAAACAAATGAAGCAATAGGACGGTTGACAGAATTAGTAGGAAGGCTGGAGAAGCAAGGATGGAGGATGAGAAGCCAGAGCCACAGTCCAGATGACTCTCTGGAGACCATCTGGTGAGGCTCTTGCTAATGGCCCCTTGGGGACTGAGCATGCTACACCTGCAGCTACTACCACTGGACCTGCCAGGGTCCCTGCCCATGAAACAACTTCTTCAC,Junk,0,0,0,0,0,0,0,0,0,0,0,0,0,235,0,0,0,0,0,0,0,0,235
ASV102,GAGACTACCATTGTCAACATTGAGCGTTTCTTGGATAATGGCGGCACTCTCACAGATGAATCGCTAAAAAATCTGCTGGATAACAAATACGTGGAAGTCAGTGTATTCAGTTATTCAGAAAATGAAGGCTTTAACAGCCATGTAGGTGAAATTCCGGCATTCATCAAACAGCCTCCCCAGCTGATGAATGAAAATAACGGATCAAATTCCTTATGGGATGGAATCTTGAATAAGGAAGAAATGATAGAAGAATTGCCATAGACGGAGTATCATATCCGTTCTTTGAAAGAATTGGGTGTGAACCGTCAGGAATTTATATTAGAAGGGCCGGGAAATCAGAAATTTATGC,No match,0,0,0,0,0,0,0,0,231,0,0,0,0,0,0,0,0,0,0,0,0,0,231
ASV103,GCACCGTGTGTGAAGACGAGCACGGGGTTCTTTGGCAGGAAACCTCATCCCTAGTCCCGGCTCTACCCCCAAGACCCTAGAGGAGCCCCTGAGCTGGGGAGAGGCCTTCCACCGCTCGCATCTGCTCCAACAAGCTCATTTTTCAGGACCTTAAGAGATAGAAGAAAGAGCCCCCGCGATGGCTCGAGGCCTAAG,Junk,0,0,0,0,0,0,0,0,0,0,0,0,169,0,0,0,0,0,0,59,0,0,228
ASV104,GGCGAAGGGACATTATACGGAAGGAGCAGAGCTCGTCGATAATGTGCTAGATGTAGTTCGTAAAGAAGCGGAAGGATGCGATTGCCTTCAGGTAATTTACTGCTGCATAATACTCGTGCTGTTTTGTTAATCAGATATTTGCAGGGCTTCCAATTGACTCACTCACTTGGAGGAGGTACCGGATCGGGTATGGGAACTCTCCTCATCTCTAAAATTCGCGAAGAGTACCCTGATAGGATTATGTCTTCGTTCTC,Hookworms,0,0,0,0,0,0,0,218,0,0,0,0,0,0,0,0,0,0,0,0,0,0,218
ASV105,GGCAAAGGGACACTACACGGAAGGAGCTGAGCTCGTCGATAACGTCCTTGATGTAGTTCGCAAAGAGGCGGAAGGATGCGACTGTCTTCAGGTACGTTCAGATCATGCAATTTGACGGGTTTTTTTTTTTGCTGATTTCGATGTTGCAGGGCTTCCAATTGACCCACTCGCTTGGAGGAGGTACCGGATCGGGTATGGGAACTCTCCTCATCTCAAAAATCCGCGAGGAGTACCCTGATAGGATCATGTCCTCGTTCTC,Hookworms,0,0,0,0,0,0,0,0,0,0,0,0,215,0,0,0,0,0,0,0,0,0,215
ASV106,GGCAAAGGGACACTACACAGAGGGAGCTGAGCTCGTCGATAACGTCCTTGATGTAGTTCGCAAAGAGGCGGAAGGATGCGACTGTCTTCAGGTATTTCGCAACCGTGCAGCTATTCTTTTTTTTACTAATAGATGAGCTTTACAGGGCTTCCAATTGACTCACTCGCTTGGAGGAGGTACCGGATCGGGTATGGGAACTCTCCTCATCTCAAAAATCCGCGAAGAGTACCCTGATAGGATTATGTCCTCGTTCTC,Hookworms,0,0,0,0,0,0,0,0,0,0,0,0,0,0,0,215,0,0,0,0,0,0,215
ASV107,CGCTATACCCACCATGTGCATCTTTGATGCGAACGTGCTTGGAGGGATTCGAACCCCCGACCCACGGCTTAGAAGGCCGTTGCTCTATCCAGCTGAGCTACAAACACATCACATTAAACCTTTTGGGCTTAACGTAAGCGGGTGATGGGAATCGAACCCACATATCCAGCTTGGAAGGCTGGTGTTCTACCACTGAACTACACCCGCATAAAATAAATAACATTTCTTTTTTTAAGAAACAGTCGGGGTGACAGGATTCGAACCTGCGACCTCCTGGTCCCAAACCAGGCGCTCTAGCCAAGCTGAGCCACACCCCGAAAGTGTTTTTT,Junk,0,0,0,0,0,0,0,0,0,0,0,0,0,211,0,0,0,0,0,0,0,0,211
ASV108,GGCAAAGGGGCACTACACGGAAGGAGCCGAGCTCGTCGATAACGTCCTTGATGTAGTTCGCAAAGAGGCGGAAGGATGCGACTGTCTTCAGGTACTTTCAGGTCATGCAATATGATCTGTTTTTTTTTGCTGATTTCGTTGTTGCAGGGCTTCCAATTGACTCACTCGCTTGGAGGAGGTACCGGATCGGGTATGGGAACTCTCCTCATCTCAAAAATCCGCGAGGAGTACCCTGATAGGATCATGTCCTCGTTCTC,Hookworms,0,0,0,0,0,0,0,0,0,0,0,0,0,203,0,0,0,0,0,0,0,0,203
ASV109,TAGATTATGGATGTTTTGCGGAAAAATACGGACGCAGACCGGATGAGAATGATGTTCTTGCCATGTTTAATATGTTTGAGGAAAAGCTTTTATCTATTCTTCATAACTTTGCAGAGGTGAAGGATGGTGTGTGAGAAACGGTGCGTGCGCTTCGGGCACAAGGGTTAAAAATTGGCTCAACAACAGGTTATAATGATAAGATGATGTCGAT,Junk,0,0,0,0,0,192,0,0,0,0,0,0,0,0,0,0,0,0,0,0,0,0,192
ASV110,CGGCTCCATCGCGGCATCCCTGCTAGTCCAAGCGCTGGCCGTCGGCGCGCACGTGCTCGGTGCCGCGTCCGCTGATCTCTCGGATAACCTCGCCGGCGATCATCTGGCCCATGATGGGCGGCATAAAGCTCGCGGTTCCCAACTCGGTACGCTCGTGGATGTTGGAAGGGTCGCGAGGCTGGGTCTTTACCGATTCCTCGCAGCTAAACAGCACGTGAAGGCTCTTGATGCCACGCTTTTTGCACTCTTTGCGCATGATGCGGCTCATAGGATCGCGCACGGTGTCAAAGATGTCGGCAAAACGCAGGCATTCGGGGTGGAGCT,Junk,0,0,0,0,0,0,0,0,0,0,0,188,0,0,0,0,0,0,0,0,0,0,188
ASV111,CCGCCTTACCGTCAACCGTTTCAGCGGCGGAAGAAGTTTTATTACCGGAAACCGTTGTGAACGCGGACTTGGAAAGGAAAAGTGTAAAAATGAGATCCCGAATCTGTTCGCATACAAAAATGAGCGCTGCTTCGGCTATGAGCCTCTTTCCGAAACTGAGGCCGTGCGCGGAGTTGTCGGCCTCCCTCGTGTCCTGAACATATATGAGAATTACCCGTTCTGGTTTACTTTCTTTCATGAATTGAAATTCCG,Junk,0,0,0,0,0,0,0,0,0,0,0,0,0,0,0,0,187,0,0,0,0,0,187
ASV112,GGCAAAGGGACACTACACGGAAGGAGCTGAGCTCGTCGATAACGTCCTTGATGTAGTTCGCAAAGAGGCGGAAGGATGCGACTGTCTTCAGGTACTTTCAGGCCATGCTATTTTATCTTTTTTTTCGCTGATTTCGTTGTTGCAGGGCTTCCAATTGACTCACTCGCTTGGAGGAGGTACCGGATCGGGTATGGGAACTCTCCTCATCTCAAAAATCCGCGAGGAGTACCCTGATAGGATCATGTCCTCGTTCTC,Hookworms,0,0,0,0,0,0,0,0,0,0,0,0,0,0,0,186,0,0,0,0,0,0,186
ASV113,GGCAAAGGGGCACTACACGGAAGGAGCTGAGCTCGTCGATAACGTCCTTGATGTAGTTCGCAAAGAGGCGGAAGGATGCGACTGTCTTCAGGTACTTTCAGGTCATGCAATTTTATCTCTTTTTTTTGCTTATTTCGTTATTGCAGGGCTTCCAATTGACTCACTCGCTTGGAGGAGGTACCGGATCGGGTATGGGAACTCTCCTCATCTCAAAAATCCGCGAGGAGTACCCTGATAGGATCATGTCCTCGTTCTC,Hookworms,0,0,0,0,0,0,0,0,0,0,0,0,0,0,0,0,0,0,0,0,181,0,181
ASV114,GGTAATCGCCCGTCCCAACGCCACGCGCACGACGGCGGTTAATTCATGTGGATCGCTTTGGATGGGCGCATGTTCCGCCAGCGTTTCGAGAATGGTGCGCATATCGCGAATCGGTACTTTTTCATCGAGGAGATTTTGCAGCACTTTATGCAGTGTGGTGAGCGTGACGACGCCAGGAACGAGATCTTCCGTCAGCTTTGGCATCTCCTGGGCGACGCGATCCAACAGC,Junk,0,0,0,0,0,0,0,0,0,0,180,0,0,0,0,0,0,0,0,0,0,0,180
ASV115,GGCCAAGGGGCATTATACGGAAGGAGCAGAGCTTGTCGATAATGTGCTAGATGTAGTTCGTAAAGAAGCGGAAGGATGCGATTGCCTTCAGGTAATTTACTGCTGCTTAGTACCCGTGCTGTTTTGTTAATCAGACATTTGCAGGGCTTCCAATTGACTCACTCACTTGGAGGAGGTACCGGATCGGGTATGGGAACTCTCCTCATCTTTAAAATTCGCGAAGAGTACCCTGATAGGATTATGTCTTCATTCTC,Hookworms,0,0,0,0,0,0,175,0,0,0,0,0,0,0,0,0,0,0,0,0,0,0,175
ASV116,GGCCAAGGGTCACTACACTGAAGGTGCTGAGCTTGTTGACTCTGTTCTTGATATCGTGAGACGCGAGGCCGAGAACAGTGACTCTCTCCAGGGTTTCCAGATCTCCCACTCGCTTGGTGGTGGTACCGGTTCCGGTATGGGTACTCTCTTGATTTCCAAGATCCGTGAAGAGTACCCCGATAGAATGATGGCTACTTTCTCTGTTGTCCCTCACCAAG,Junk,0,0,0,0,0,0,173,0,0,0,0,0,0,0,0,0,0,0,0,0,0,0,173
ASV117,AGCTACGGGGCCGTTGTTTCAATCTTGCGACTGACAACAGATGTATATATTACGGCAAAGTAGCCATTGTGCAAACTTCGGCGTGTCATCGATGAATATTCGTATGAATTGCTGAAAGAAAGTATTTGCTTAAACTGCGGCAGTAGTAGGGAAGAAAAGCAACGGCCGGTCGCATATGAGGGGAAAACTTCTCATATGCGACCGGCCGTTACCGTTGCGGTGCCG,Junk,0,0,0,0,0,0,0,0,0,0,166,0,0,0,0,0,0,0,0,0,0,0,166
ASV118,CCGCGGTTACCCTCCGACGGGCCGCTCCAGCGGGGCCCCGGGCGACGGCCAAGGCAGCTGGCCGCAGGCGCGGTCCTGACCGGCCTCCCTACGGCCCCTTCGGGCGACGATCCAGTCTCCAGCGCACACGGGCGTGGGCCTTGTGCCCGCGGGGACACGGTCACCAGTAAACACCAGAGCCCGTGCTGGAGAGCGGAAGGCCGGCCCGCGCCGCCTACCCGTGTGCCGGGCGAACGGCTTCAGGATGGCAGCGTCTTCTTCTGGCTCCTAATTGTTTGTGTTAAAGCTGAAGAGTGGACCAGGAAATCCAGGGCATGTTGTCCTCTGTGACTGTCCTGC,Junk,0,0,0,0,0,0,0,0,0,0,0,0,114,13,0,0,0,0,0,0,39,0,166
ASV119,AGCCACTGGGCCAAATATTTAATTAAATTTTTATGGATACCTTTACCAAATGGACCTTCGGGGACTCGAACCCAGGACCGACCGGTTATGAGCCGGTTGCTCTAACCAACTGAGCTAAAGGTCCATAAAGCCGATGATCGGACTCGAACCGATAACCTGCTGATTACAAATCAGCTGCTCTGCCAATTGAGCCACATCGGCACACAATTAGAGGCTTACAGCCAGTGACTCCTACGGGAATCGAACCCGTGTTACCGCCGTGAAAGGGCGATGTCTTAACCGCTTGACCAAGGAGCCTTATTTTAAAAAACTCCCCC,Junk,0,0,0,0,0,0,0,164,0,0,0,0,0,0,0,0,0,0,0,0,0,0,164
ASV120,CCATCTCTGCTCCGGCGAAAAAAGCATTCATCAATGTGAAAAATAATAAGATACATAAGTCAAAAATAATCTTGTTCCCTGCAGGGTCTGCGTCCATAAAAAATACTGATTGCCGCATCCAGGCGCCCGATTTCTTCAAACAGTACAGCGTGTCCCCAGATCGATCGGATTTTTGGCATGGGAGATAAGTTCTGCCATCTCTTCCGTTCTATAAATGGAAAATCCAATCGCTGCGGCTGCTTCCTG,Junk,0,0,0,0,0,0,0,163,0,0,0,0,0,0,0,0,0,0,0,0,0,0,163
ASV121,TATCACCATATTTTACTGCTACACAGTTGTTAATACCACTGTTTGGTCCCCATGTAGTAGTTGCGGCTCCACTCCATCCCTGTGCTGTAAAGAATGTTCTGTATTTGTTAGAGTCATCAGCTGTTGGTGCATCACCATTAATAAGTCCTTCTTTGTACATTTTGTGAATGATATCAAGGTTTGCTAAAACGTCTTCACTTCTTCATGCC,Junk,0,0,0,0,159,0,0,0,0,0,0,0,0,0,0,0,0,0,0,0,0,0,159
ASV122,CGTAGAAGGTTGTTTCATTTATGGCTAGCATTTTCAGTTTCCCCAGAGACTGGGCTCTAGACGGAAGAGTCATGACTTGCAGAGTGGATCCCACATCTTTTTTTTTGATGCCACATCTTAATGGACATGAGACAGGAGAATGGCTGGCTCCATGGGGGAGTGATTTCAATCTGCGTATTCTCTTAACTCTCTCATGTTCGTGACCTGCAGTGTGTTCCATATGTCATGGCTGCTGAGGAGGAAGACCTTTTCCATATGCCTCTGTCTGAACTGGTGGTTTTTGTCAGCCAGCAAAGACATCGGGGGGTGCATATCATCGAGTCCTGCACAGCGGGGGTCTCAGCCCGGTT,Junk,0,0,0,0,0,0,0,0,0,0,0,0,146,0,0,0,0,0,0,0,0,0,146
ASV123,GGCAAAGGGACACTACACAGAGGGAGCTGAGCTCGTCGATAACGTCCTTGATGTAGTTCGCAAAGAGGCGGAAGGATGCGACTGTCTTCAGGTATTTCGCAACCGTGCAGTTATTCCTATAATTTTTTCCGCTGATCTGAGTTTTTCAGGGCTTCCAATTGACTCACTCGCTTGGAGGAGGTACCGGATCGGGTATGGGAACTCTCCTCATCTCAAAAATCCGCGAAGAGTACCCTGATAGGATCATGTCCTCGTTCTC,Hookworms,0,0,0,0,0,0,0,0,0,0,0,0,0,0,0,0,0,0,145,0,0,0,145
ASV124,AGCCATCCAGGCACCCCTAAAATTTAAACCTATTAATAGAACATTATGAAAATATAATTTAAAACATTATTAGTTGTAATAAAAATAGTGTTTAAAAATTCAAAAAACAAAAAACCTCTGAAACTGAATAACCCAAGGGAAACCCCCAAAGTGCTGGGTCTTTCCACTGGAGTCCCAGTGAGTAACCACTATATTTGGATACCTCAA,Junk,0,0,0,0,0,0,0,0,0,0,0,0,0,0,0,0,0,141,0,0,0,0,141
ASV125,GGCAAAGGGACACTACACAGAGGGAGCTGAGCTCGTCGATAACGTCCTTGATGTAGTTCGCAAAGAGGCGGAAGGATGCGACTGTCTTCAGGTATTTCGCAACCGTGCAGTTATTGCAAGTAATTTTTTGCTGATCTGACTTTTACAGGGCTTCCAATTGACTCACTCGCTTGGAGGAGGTACCGGATCGGGTATGGGAACTCTCCTCATCTCAAAAATCCACGAAGAGTACCCTGATAGGATTATGTCCTCGTTCTC,Hookworms,0,0,0,0,0,0,0,0,0,0,0,0,0,0,0,0,0,0,139,0,0,0,139
ASV126,GGCAAAGGGACACTACACAGGGGGAGCTGAGCTCGTCGATAACGTCCTTGATGTAGTTCGCAAAGAGGCGGAAGGATGCGACTGTCTTCAGGTATTTCGCAACCGTGCAGTTATTGCAAGTAATTTTTTGCTGATCTGAGTTTTACAGGGCTTCCAATTGACTCACTCGCTTGGAGGAGGTACCGGATCGGGTATGGGAACTCTCCTCATCTCAAAAATCCGCGAAGAGTACCCTGATAGGATTATGTCCTCGTTCTC,Hookworms,0,0,0,0,0,0,0,0,0,0,0,0,0,0,0,0,0,0,0,139,0,0,139
ASV127,GGCAAAGGGACACTACACGGAAGGAGCTGAGCTCGTCGATAACGTCCTTGATGTAGTTCGCAAAGAGGCGGAAGGATGCGACTGTCTTCAGGTACCTTCTGACCATGCAATTATATCTGATTTTTTGATGATTCCAGTTTTGCAGGGCTTCCAATTGACTCACTCACTTGGAGGAGGTACCGGATCGGGTATGGGAACTCTCCTCATCTCTAAAATCCGCGAGGAGTACCCTGATAGGATTATGTCCTCGTTCTC,Junk,0,0,0,0,0,0,0,0,0,0,138,0,0,0,0,0,0,0,0,0,0,0,138
ASV128,CGGCTCCATCGCAGGACATCCTGCTAGTCCAGGCGCTGGCCATCGGAGCGTACGCGTTCGGTGCCGCGCCCGCTGATCTGGCGGATAACCTCGCCGGCAATCATTTGACCCATGATGGGCGGCATAAAACTGGCAGTTCCCAGCTCGGTGCGCTCGTGGATGTTGGAAGGGTCGCGGGGCTGTGTCTTAACCGATTCCTCGCAGCTAAACAGTACATGTAGGCTCTTGATTCCGCGCTTCTTACATTCTTTGCGCATAATGCGGCTCATGGGGTCACGCACCGTATCGAAGATGTCGGCAAAGCGCAGGCACTCGGGATGGAGCT,Hookworms,0,0,0,0,0,0,0,0,0,0,0,0,0,0,0,0,136,0,0,0,0,0,136
ASV129,TGTTGGCTGCATAGACTCAGGATTTCATGCATGGGACAAAAAGACACAGACATCAGGTGGAAGAGAGTCAGAAAAGTCATAGAGTCCTGGAGATGAAATGGAAGTATCTGGAGGAAATTACGGTGCATTTTAAAAAATTTTTCCTTAGCTCTGAACACTGAAAAGACCTAACACTGAAGACCTCCACGCTCAAATCAGCCAAAATGGCTGATTCTCAGGTCTACAGAAGAAAGTGGCTGAGAAGAGCCAGGAACATCT,Junk,0,0,0,0,0,0,0,0,0,0,0,0,0,57,0,0,10,0,0,58,10,0,135
ASV130,TGCCCTACTTTGATAGGTTTTTCAAACAAAAATACCCAGAGCAGCAGTTTAACAAAATATAACCACTGTGGCGCTCAACAAATGGCATTACCCTGAGCACAGTTCTGTAAAAAGTATGTGCAAGAGTGTGTGTGTGTATTTTAAGTTATTTACATTGTGCAATTTTTTCTTATTTTGGGGATTTTGAACATAGACAACCACTGTAGCCCCTCCCTGTTGTCCCCCACAAAG,Junk,0,0,0,0,0,0,0,0,0,0,0,0,134,0,0,0,0,0,0,0,0,0,134
ASV131,AACTACCAGACCAATGGTTGCGGGAGAAGGATTTGAACCAACGACCTTCGGGTTATGAGCCCGACGAGCTACCAGACTGCTCCATCCCGCGATATTTTTTGCATTATTTTATTTCGGCTGAATTTTAAATTAAATGGCGAGGGATGAGGGATTCGAACCCCCGCGGGACGTTAATCCCCTGTCGGTTTTCAAGACCGATCCCTTCAGCCGGACTTGGGTAATCCCTCGCATTCTTAAATTGGTGGACCC,Junk,0,0,0,0,0,0,0,0,0,0,0,0,0,0,0,119,11,0,0,0,4,0,134
ASV132,GGCAAAGGGACACTACACGGAAGGAGCTGAGCTCGTCGATAACGTCCTTGATGTAGTTCGCAAAGAGGCGGAAGGATGCGACTGTCTTCAGGTACTTTCAGGTCATGCAATTTTATCTGTTTTTTTTTTGTTGCTAATTTCGGTGTTGCAGGGCTTCCAATTGACTCACTTGCTTGGAGGAGGTACCCGATCGGGTATGGGAACTCTCCTCATCTCTAAAATCCGCGAGGAGTACCCTGATAGGATCATGTCCTCGTTCTC,Hookworms,0,0,0,0,0,0,0,0,0,133,0,0,0,0,0,0,0,0,0,0,0,0,133
ASV133,GGCAAAGGGACACTACACAGAGGGAGCTGAGCTCGTCGATAACGTCCTTGATGTAGTTCGCAAAGAGGCGGAAGGATGCGACTGTCTTCAGGTATTTCGCAACCGTGCAGTTATTGCAAGTAATTTCTTGCTGATCTTAGTTTTACAGGGCTTCCAATTGACTCACTCGCTTGGAGGAGGTACCGGATCGGGTATGGGAACTCTCCTCATCTCAAAAATCCGCGAAGAGTACCCTGATAGGATTATGTCCTCGTTCTC,Hookworms,0,0,0,0,0,0,0,0,0,0,0,0,0,0,0,0,0,0,0,129,0,0,129
ASV134,TGTTGGCTGCATAGACTCAGGATTTCATGCATGGGACAAAAAGACACAGACATCAGGTGGAAGAGAGTCAGAAAAGTCATAGAGTCCTGGAGATGAAATGGAAGTATCTGGAGGAAATTACGGTGCATTTTGAAAAATTTTTCCTTAGCTCTGAACACTGAAAAGACCTAACACTGAAGACCTCCACGCTCAAATCAGCCAAAATGGCTGATTCTCAGGTCTACAGAAGAAAGTGGCTGAGAAGAGCCAGGAACATCT,Junk,0,0,0,0,0,0,0,0,0,0,0,0,125,0,0,0,0,0,0,0,0,0,125
ASV135,GGCAAAGGGACACTACACAGAGGGAGCTGAGCTCGTCGATAACGTCCTTGATGTAGTTCGCAAAGAGGCGGAAGGATGCGACTGTCTTCAGGTACTTTCAGGTCATGCAATATGATCTGTTTTTTTTTTTGCTGATTTCGTTGTTGCAGGGCTTCCAATTGACTCACTCGCTTGGAGGAGGTACCGGATCGGGTATGGGAACTCTCCTCATCTCAAAAATCCGCGAGGAGTACCCTGATAGGATCATGTCCTCGTTCTC,Hookworms,0,0,0,0,0,0,0,0,0,0,0,0,0,0,124,0,0,0,0,0,0,0,124
ASV136,AGATAACAGGTATATTCCTTATCTTTATCAATATCTACTGTTCCCGGCTCTACCGGCTTTTGCTGTCCTTCCGGTACAGGCTGTGTATGATATTGGTCTTCCTCTTTATCTGTTCCGTCACTGTAAGTCACACCGCCCACTGCGCCGTTTTGCTGTTTCTGTGTTTCCTTTTTTTCCTCATATTTAGAATAATCAACGGTTTCATCCTCCGCAGACTCCACATCTAAATATTCCTCTTCTTCTGAAGCTGGTGTTTCCTTCTCTGTTTCCTCTGTCTCTTTTGTTTCTTCTTTCTTTTCTTCTTCCATCCAATCATCGCTTTTTTCCTGTTTCTGATTGGGGTTATCCAGCTT,Junk,0,0,0,0,0,119,0,0,0,0,0,0,0,0,0,0,0,0,0,0,0,0,119
ASV137,GGCCAAGGGTCACTACACTGAAGGTGCTGAGCTTGTTGACTCTGTTCTTGATATCGTGAGACGCGAGGCCGAGAACAGTGACTCTCTCCAGGGTTTCCAGATCTCCCACTCGCTTGGTGGTGGTACCGGTTCCGGTATGGGTACTCTCTTGATTTCCAAGATCCGTGAAGAGTACCCCGATAGAATGATGGCTACTTTCTCTGTTGTCCACGCACCAAAG,Junk,0,0,0,0,0,0,0,113,0,0,0,0,0,0,0,0,0,0,0,0,0,0,113
ASV138,CGCAAAGGGACACTACACAGAGGGAGCTGAGCTCGTCGATAACGTCCTTGATGTAGTTCGCAAAGAGGCGGAAGGATGCGACTGTCTTCAGGTATTTCGCAACCGTGCAGTTATTGCAAGTAATTTTTTGCTGATCTGAGTTTTACAGGGCTTCCAATTGACTCACTCGCTTGGAGGAGGTACCGGATCGGGTATGGGAACTCTCCTCATCTCAAAAATCCGCGAAGAGTACCCTGATAGGATTATGTCCTCGTTCTC,Hookworms,0,0,0,0,0,0,0,0,0,0,0,0,0,0,0,0,0,0,113,0,0,0,113
ASV139,GAGCTTGTATTGTATAAGCTCACAAATACACCGATCAAAGGTGTACTTCTTGGAACGATAGTTACAGCGATTATTCAGTCATCTTCCGCAACGACCGTCATGGTTGTCGGATTCGTAAATTCGGGAATGATGAAAGTCGCACAGGCGATTGGAATTATCATGGGAGCAAATATCGGTACGAGTGTTACCGGATGGATTCTTTGTCTTTCCTATATTGATGGGTCCAGCGGTATCGCACAGT,Junk,0,0,0,0,0,0,0,0,0,0,0,109,0,0,0,0,0,0,0,0,0,0,109
ASV140,GGCAAAGGGACACTACACAGAGGGAGCTGAGCTCGTCGATAACGTCCTTGATGTAGTTCGCAAAGAGGCGGAAGGATGCGACTGTCTTCAGGTATTTCGCAACCGTGCAGTTATTCCTATAATTTTTTCCGCTGATTTGAGTTTTTCAGGGCTTCCAATTGACTCACTCGCTTGGAGGAGGTACCGGATCGGGTATGGGAACTCTCCTCATCTCAAAAATCCGCGAAGAGTACCCTGATAGGATTATGTCCTCGTTCTC,Hookworms,0,0,0,0,0,0,0,0,0,0,0,0,109,0,0,0,0,0,0,0,0,0,109
ASV141,GGCAAAGGGACACTACACGGAAGGAGCTGAGCTCGTCGATAACGTCCTTGATGTAGTTCGCAAAGAGGCGGAAGGATGCGACTGTCTTCAGGTACTTTCAGGTCATGCAATTTTATCTGGTTTTTTTTTGCTGATTTCGTTGTTGCAGGGCTTCCAGTTGACTCACTCGCTTGGAGGAGGTACCGGATCGGGTATGGGAACTCTCCTCATCTCAAAAATCCGCGAGGAGTACCCTGATAGGATCATGTCCTCGTTCTC,Hookworms,0,0,0,0,0,0,0,0,0,0,0,0,0,0,108,0,0,0,0,0,0,0,108
ASV142,GGCAAAAGGTCACTATACCGAAGGTGCTGAATTGGTCGATTCAGTCTTAGACGTCGTTCGAAAAGAATCAGAATCTTGCGACTGTCTTCAAGGTTTTCAACTTACACATTCACTTGGTGGTGGTACTGGTTCTGGTATGGGTACTCTTCTCATTTCCAAGATTCGTGAAGAATATCCCGATCGTATCATGATGACATTCAG,Junk,0,0,0,0,0,0,0,0,0,0,0,0,0,0,0,0,0,0,0,0,108,0,108
ASV143,GGCTAAAGGTCACTATACCGAAGGTGCTGAACTCGTCGATTCAGTTTTGGATGTTGTACGTAAAGAAGCTGAATCATGCGATTGTCTTCAAGGCTTTCAATTGACACACTCACTTGGTGGTGGTACCGGATCCGGTATGGGTACATTACTTATCTCAAAAATTCGTGAAGAATACCCCGATCGTAAGTGTATTGTATTCATCGGCAATTGAAATCATATATTTTCCTTTTCTTCTACAGGAATTATGAACACATTCAG,Junk,0,0,0,0,0,0,0,0,0,0,0,0,0,0,0,0,0,0,0,0,107,0,107
ASV144,GTACACCAGAGGTCAGTCCATCCCGGTCCTCTCGTACTAAGGACAGCTCCTCTCAAATTTCCTACGCCCGCGACGGATAGGGACCGAACTGTCTCACGACGTTCTGAACCCAGCTCGCGTGCCGCTTTAATGGGCGAACAGCCCAACCCTTGGGACCTACTTCAGCCCCAGGATGCGACGAGCCGACATCGAGGTGCCAAACCTCCCCGTCGATGTGGACTCTTGGGGGAGATCAGCC,Junk,0,0,0,0,0,0,0,0,0,0,0,0,0,0,0,0,0,0,0,0,102,0,102
ASV145,GAAGGCCTTCCAGTGGGCAAAACTGAAACAATTTGTGTAAGAAAATAAAATAGTAACGGATTATAACCCCAAGACAAACAAATGTGCTTCGCCCCATACTGATATAAATAAGTGATTGATTGAATGAATAAATAAATAAATAAATGTAGGAGAAGAGATAAATGTTCCTTTCAGAAGAATTCCAAATAACTTACATAAATGTTGTCCCCTCACAAG,Junk,0,0,0,0,0,0,0,0,0,0,0,0,0,0,0,101,0,0,0,0,0,0,101
ASV146,GGCAAAGGGGCACTACACGGAAGGAGCTGAGCTCGTCGATAACGTCCTTGATGTAGTTCGCAAAGAGGCGGAAGGATGCGACTGTCTTCAGGTACTTTCAGGTCATGCAGTTTTATCTGTTTTTTTTTTTGCTGATTTCGTTGTTGCAGGGCTTCCAATTGACTCACTCGCTTGGAGGAGGTACCGGATCGGGTATGGGAACTCTCCTCATCTCAAAAATCCGCGAGGAGTACCCTGATAGGATCATGTCCTCGTTCTC,Hookworms,0,0,0,0,0,0,0,0,0,0,0,0,95,0,0,0,0,0,0,0,0,0,95
ASV147,GGCAAAGGGACATTATACGGAAGGAGCAGAGCTCGTCGATAATGTGCTAGATGTAGTTCGTAAAGAAGCGAAAGGATGCGATTGCCTTCAGGTAATTTACTGCTGCATAGTACTCGTGCTGTTTTGTTAATCAGATATTTGCAGGGCTTCCAATTGACTCACTCACTTGGAGGAGGTACCGGATCGGGTATGGGAACTCTCCTCATCTCTAAAATTCGCGAAGAGTACCCTGATAGGATTATGTCTTCGTTCTC,Hookworms,0,0,0,0,0,0,0,94,0,0,0,0,0,0,0,0,0,0,0,0,0,0,94
ASV148,CGAGAAGGCTGTAATCATATCCTCTCTTTTTGTTCTGCCGCGTCAATATAAATCCACTCCCCACTTATAGACAATTTACAAGTTCTTTGAATTTATCTCCTCGTTCCTCATAGTTTTTAAACATTCCCCAGCTTGCACATGCCGGCGATAACAAAACTGCATCCCCAGGCTCTGCCGCCTCAATACATTTCTCTACTGCTTCCTCAAAAGAGTCTGCCATAACATATGACACAAATCCAACTCTCTCGGCTGCTTCTGCAATTTTCTCTTT,Junk,0,0,0,0,0,0,0,0,0,0,0,0,0,0,0,0,0,0,0,0,93,0,93
ASV149,GGCCAAGGGTCACTACACCGAGGGTGCCGAACTCGTCGACCAGGTCCTTGATGTCGTCCGTCGTGAGGCTGAGGGCTGCGATTGTCTCCAGGGCTTCCAGATCACCCACTCCCTCGGTGGTGGTACAGGTGCCGGTATGGGAACCCTGCTGATCTCCAAGATCCGTGAGGAGTTCCCCGACCGCATGATGGCCACCTTCTC,Junk,0,0,0,0,0,0,0,0,0,0,0,0,0,0,0,33,0,0,0,0,59,0,92
ASV150,GGCAAAGGGACACTACACGGAAGGAGCTGAGCTCGTCGATAACGTCCTTGATGTAGTTCGCAAAGAGGCGGAAGGATGCGACTGTCTTCAGGTACTTTCAGGTCATGCAATTTTATCTGTTTTTTTTTTGTTGCTAATTTCGGTGTTGCAGGGCTTCCAATTGACTCACTTGCTTGGAGGAGGTACCGGATCGGGTTTGGGAACTCTCCTCATCTCTAAAATCTGCGAGGAGTACCCTGATAGGATCATGTCCTCGTTCTC,Hookworms,0,0,0,0,0,0,0,0,0,89,0,0,0,0,0,0,0,0,0,0,0,0,89
ASV151,TGCTACCCTTTTGAATTCCACGAAGAAGTTAGTCTGTCTGTAATTTTATTAGGCTGAGACTTTTTCCGATGGTTTATTTTTCCGATTGCTCACAGCCCATAGAAGAGAGCCAGGGAGGGAAGCCAGCGCGTTTGCACTATTTACCTACTCCCTGACTTTGGAACGCAGCAGATCTGCTGTGTGGTGCTTTGTTACACCAACTTTCGCAGATTGGGACAATAAACCGTAAGCACGTCAGCTCACTTGGAGGGACCCAATATCTGATTGTTGCTCTCATAAGTATCTGTACCAATATTTATATGATTCTGATAGTCTTGAGTTG,Junk,0,0,0,0,0,0,0,0,0,0,0,0,0,0,0,87,0,0,0,0,0,0,87
ASV152,CGATGTCACCAAGAAGCGCAGCAGCCTCAGTAGTTACTACGTTCTGCTGGAATACGATCATTGCTTTCTTTGCATTTGCATAAAGCTCAGCGATCTCTTTTGCTTCTTCAGATACAGCAACACCTTCTACAGATGCCTTGAATGTATCAAAGCCTTCTGCACCTGTGCCCTTGCCCATATCAAGAAGAGCCTTTGCAACACCCTTGAAGAAACCAAGGC,Junk,0,0,0,0,0,0,0,0,0,84,0,0,0,0,0,0,0,0,0,0,0,0,84
ASV153,TAACAATTCCTGCCACCACTACAACCGCGATCACGATCGGAACAACCGGAAGTCCTTTTTCCGGTGCTTCTGCCTCCACCGGCATCATATCTGCAGGATTCTGTGCAGGTGTTACTGTCAGAGGAAATTCTTTCTCCATGCTCGCACTTTTTCCGGCTTCATCTTCATAAGAAATCACGACTTTACACTTTTTCGTCTCATCCATCTCCTGATTTGCTGTTACGATTCCGTCAATAGAACC,Junk,0,0,0,0,0,0,0,0,0,0,0,0,0,0,84,0,0,0,0,0,0,0,84
ASV154,TCCACTCGACCGAACAATTCCTGCAATACCTTCAATGTTTTCAACCTGCAGACGACGAACTGATGGTTTCCTTCGAGGACCTACAAATCTTCACCTCGATCCCACAACATCTCGCTATTTAAACAGCATAAACCACAAAAATCTGTCATGAAATACAGCGTGAAGACCTTCTTCATTGTCGATGGAACTGTGCACTATCAGGTCAAACGTATACTGATGGGGTCAT,Junk,0,0,0,0,0,0,0,0,0,0,0,0,0,0,0,0,0,0,0,84,0,0,84
ASV155,GGCAAAGGGACACTACACAGAGGGAGCTGAGCTCGTCGATAACGTCCTTGATGTAGTTCGCAAAGAGGCGGAAGGATGCGACTGTCTTCAGGTATTTCGCAACCGTGCAGTTATTGCAAGTAATTTTTTGCTGATCTGAGTTTTACAGGGCTTCCAATTGACTCACTCGCTTGGAGGAGGTACCGGATCGGGTATGGGAACTCTCCTTATCTCAAAAATCCGCGAAGAGTACCCTGATAGAATTATGTCCTCGTTCTC,Hookworms,0,0,0,0,0,0,0,0,0,0,0,0,0,0,0,0,0,0,82,0,0,0,82
ASV156,GGCCAAGGGCCACTACACAGAGGGGGCTGAGCTAGTGGACTCAATCCTGGATGTGGTGCAGAAGGAAGCTGAGAGCTGTGACTGCCTGCAGGGCTTCCAGCTGACCCACTCACTGGGCAGGGGCACGGGTTCTGGCATGGGCACGCTGCTCATCAGCAAGATCCGAGAAGAGTACCTTGACCGCATCATGAACACCTTCAG,Junk,0,0,0,0,0,0,0,0,0,0,0,0,79,0,0,0,0,0,0,0,0,0,79
ASV157,GAAAGCCTTCCAGTGGGCAAAACTGAAACAATTTGTGTAAGAAAATAAAATAGTAACGGATTATAACCCCAAGACAAACAAATGTGCTTCGCCCCATACTGATATAAATAAGTGATTGAATGAATGAATGAATAAATAAATAAATGTAGGAGAAGAGATAAATGTTCCTTTCAGAAGAATTCCAAATAACTTACATAAA,Junk,0,0,0,0,0,0,0,0,0,0,0,0,0,0,0,0,0,0,0,78,0,0,78
ASV158,GAATTGAGCGTCAACAATAAGGCTGATGGTGTTGTCAATGGAGATAAGGAAAAGGTGCTTACAATAGGACGCAATCTGCTTTCCAATGCCATCAAATATACGGAAAAGGGTGAGATAGTATTGTCCACAACCTATAAAGATGGTGTGTTCATGCTAAAGGTTAAGGATACGGGAACAGGATTGGATGACAAGCAACAAAAACAAATCTTCAAGGAATTTGCAAGATTGGGAAATGCGGTCACCCAACCGGGATTTGGCTTGGGGCTTTCCATTGTCAAGAACCTCGTTTCACTTATGAAAGGAAAAATCGA,Junk,0,0,0,0,0,0,0,0,0,0,76,0,0,0,0,0,0,0,0,0,0,0,76
ASV159,GGCAAAGGGACACTACACGGAAGGAGCTGAGCTCGTCGATAACGTCCTTGATGTAGTTCGCAAAGAGGCGGAAGGATGCGACTGTCTTCAGGTACTTTCAGGTCATGCAATTTTATCTGGTTTTTTTTTTGCTGATTTCGTTGTTGCAGGGCTTCCAATTGACTCACTCGCTTGGAGGAGGTACCGGATCGGGTATGGGAACTCTCCTCATCTCAAAAATTCGCGAGGAGTACCCTGATAGGATCATGTCCTCGTTCTC,Hookworms,0,0,0,0,0,0,0,0,0,0,0,0,74,0,0,0,0,0,0,0,0,0,74
ASV160,GGGACACTGAGCCAGGCCTCCAATTTCTCTTCTACCATAGCCTCCATCGTGATATTTCTAAAAACTTCTCTCTGGCCGTATCATACTCTACTTAAACCCCCTAATGGCTTCCTCTACACAGGGAAGAGCCTAAGTTCTTCTACAGAAGTTAAGGTCTGTCAGTGTGGCCCTGACCCCTCCTCAGCAGCCTGGTTACTCCTTGTAGGCTTCACATGCTCCAGCCACTATAGGGAGCTTCTCACAGATCAGGACCTTGTTCTTGTGTCATGTGTCCA,Junk,0,0,0,0,0,0,0,0,0,0,0,0,0,31,0,0,0,0,0,0,43,0,74
ASV161,GTGCAACCGGGGTCGTCGCTTGGTGGTGCAAGACCAAAGGCCAGCGTGACAGATGCTGCCAAAGCCCTTTATGTGGCAAAGTTTCCTTCGCGCAAGGATGATTATGATGTAGGGCTCTGGGAGCACCTGGTGCATCTGTTGGCAGCAGAGGCCGGTATATGTACCGCCTTGACAAAACTGATCTCCACAGGAGAAGGGTATCACACGC,Junk,0,0,0,0,0,0,0,0,0,0,0,0,0,0,0,0,0,0,0,0,0,73,73
ASV162,GGCAAAGGGACACTACACAGAGGGAGCTGAGCTCGTCGATAACGTCCTTGATGTAGTTCGCAAAGAGGCGGAGGGATGCGACTGTCTTCAGGTATTTCGCAACCGTGCAGCTATTCCTATAATTTTTTTGCTGATCTGATTTCTTCAGGGCTTCCAATTGACTCACTCGCTTGGAGGAGGTACCGGATCGGGTATGGGAACTCTCCTCATCTCAAAAATCCGCGAAGAGTACCCTGATAGGATTATGTCCTCGTTCTC,Hookworms,0,0,0,0,0,0,0,0,0,0,0,0,72,0,0,0,0,0,0,0,0,0,72
ASV163,GAACCGGCTGCATGGCCTACCAATGCGCAGGCGAGCGCATCTGGACGCCAGGATTGCGTGGAACCAGAAACGATTTAGGGCAGCAAAATAGCTGCCTTTTATTTTGCCAGCCCCGGCCACCGCAGCGCCCCATCTGCATCCGGCGTCAGCGTAACCGGCTCAGTCAGCATCCGGCCTTCATCGTCCATAATGTACCACCTGCCGTCAATGGTC,Junk,0,0,0,0,0,0,0,0,71,0,0,0,0,0,0,0,0,0,0,0,0,0,71
ASV164,CCACACAGCAGGTCATGTCCCTGTTGCGAATTCAATGCAAATTCTGGGGTGGTGGCCCTATTAATAATCAAGCAACAGTAGCCTCCTGATATCAGCCGCAATCCATCCCTTTTGTTGTCACTTTTGAGCCGCTGGCAGCTGTCATTTCCCTTCACACTCCATGCCCTGCTGGCCTTCACTTCTGGGCTGA,No match,0,0,0,0,0,0,0,0,0,0,0,0,0,0,70,0,0,0,0,0,0,0,70
ASV165,AGCCACTGGGCCAAAAATATATTTTAAAAATGGACCTTCGGGGACTCGAACCCAGGACCGACCGGTTATGAGCCGGTTGCTCTAACCAACTGAGCTAAAGGTCCAAAAAGCCGATGATCGGACTCGAACCGATAACCTGCTGATTACAAATCAGCTGCTCTGCCAATTGAGCCACATCGGCATACAAATCACTAAAGGTATTATACACCAAATGTGAGAATTAAGCCACAGAAAAATCGCATTTTTTAAAATTATTTTTAAATGACTCCAAGGGGATTTGAACCCCTGTTACCCCCGTGAAAGGGCGGTGTCTTAACCGCTTGACCATGGAGCCGTATTATTTTAAAAAAGCTCCCCC,Junk,0,0,0,0,0,0,0,0,0,0,0,0,0,0,0,0,70,0,0,0,0,0,70
ASV166,CTTGTCTCTATAATATCCAGATGAAAATGAAAGATTTTAAGAGTATCTCATTATTTTATCCATATGATGCCCAACTCGATCCAAAGACTGTAATTTTCATACAGATTTTTGGCAGCATGTAACCTTAGAAAGCTAGAGTCCTTTAAATAGCATGCCATCTCAGGCTCCTTTTGTCCAAACTCAGATCCCTTTTCTGTTTAGCATCATAAC,Junk,0,0,0,0,0,0,0,0,0,0,0,0,6,27,0,0,0,0,0,0,36,0,69
ASV167,TGCCCTACTTTGATAGGTTTTTCAAACAAAAATACCCAGAGCAGCAGTTTAACAAAATATAACCACTGTGGCGCTCAACAAATGGCATTACCCTGAGCACAGTTCTGTAAAAAGTATGTGCAAGAGTGTGTGTGTGTATTTTAAGTTATTTACATTGTGCAATTTTTTCTTATTTTGGGGATTTTGAACATAGACAACCACTGTAGCCCCTCCCTGTTGTCCCCTCACAAG,Junk,0,0,0,0,0,0,0,0,0,0,0,0,0,0,0,69,0,0,0,0,0,0,69
ASV168,TAATAGGCAGCCAGCGACAAACGATTGTGGGTAGCCCGGATGGTGAATCCCTCCAGCATTTGTGCGTCCGGTGTATAATAACAGGCTTTATTATTATATTTTCCGGCCAAAGCTGTTAAAATGTTCCGGTCTGTTTCCGATAATTCCCGTGCAATAATATGTACGGTGAAAGTCTCTTTCGGGTTGTTTTCAAATAAAGAGACCAAAGTAACGGCACAATGTCGCACATAATTGTGGTCTATATTGCAAGCTATGTGAATCATCATATCCTCTCCTCATATTTTAT,Junk,0,0,0,0,0,0,0,0,0,0,0,0,0,0,0,0,0,0,0,0,0,68,68
ASV169,CAGGAAGAAGGAGTGCTGACGCTGAATAAGGAGTTGCCGATGCCGCTTCTTCCTCAGCGTATTGCCGTTATTTCCTCGGCAACTGCCGCCGGATATGGTGATTTCTGTCATCAGTTGGAACACAATGTGCGTGGTTTTTATTTTTATACAGAACTGTTTCCTGCTTTGATGCAAGGCAGTCAGGTGGAAGAGTCTGTCTTGTCGGCTTTGGATGCTATCAATCAGCGTGTTGATGAGTTTGATGTAGTGGTTATCATCCGTGGGGGAGGGGCTACTTCCGATTTGTCGGGTTTCGATACGTATC,Junk,0,0,0,0,0,0,0,66,0,0,0,0,0,0,0,0,0,0,0,0,0,0,66
ASV170,GAAGGCCTTCCAGTGGGCAAAACTGAAACAATTTGTGTAAGAAAATAAAATAGTAACGGATTATAACCCCAAGACAAACAAATGGGCTTCGCCCCATACTGATATAAATAAGTGATTGATTGAATGAATAAATAAATAAATAAATGTAGGAGAAGAGATGAATGTTCCTTTCAGAAGAATTCCAAATAACTTACATAAA,Junk,0,0,0,0,0,0,0,0,0,0,0,0,0,0,0,0,0,0,0,0,60,0,60
ASV171,CGAGAAGGCTGTAATCATATCCTCTCTTTTTGTTCTGCCGCGTCAATATAAATCCACTCCCCACTTATAGACAATTTACAAGTTCTTTGAATTTATCTCCACGTTCCTCATAGTTTTTAAACATTCCCCAGCTTGCACATGCCGGCGATAACAAAACTGCATCCCCAGGCTTTGCCGCCTCAATACATTTCTCTACTGCCTCCTCAAAAGAGTCTGCCATAACATATGACACAAATCCGACTCTCTCGGCTGCTTCTGCAATTTTCTCTTT,Junk,0,0,0,0,0,0,0,0,0,0,0,0,0,0,54,0,0,0,0,0,0,0,54
ASV172,TCCTGGCGAACTGACTATCGAGTTACAGCGTGCAGACGGCGCATGGAGAAGTGACCGAATTTCTGTAGATACAAATGGCAATGTTATTGAGGCATTCTTGCTTGAAGGTAAGCCAAACACATTTAAAGTGAAGGCTTACAATCAGCAAGGCAATGCTGTTGAGATTTTCCCTTCTGAATTTACCATTATCCAAGGTGTCAAAGTAGGTGCTGCACCTCTTCCTTATAATATAGGTATAGCAGTTTATAATGACATCAAAAAGCGTGGTGTATTCTTACCAGCCAAAGGGTTGGAAAAGAACAAGCCTCTGCCAGCCGTAGG,Junk,0,0,0,0,0,0,0,0,0,0,0,0,0,0,0,0,0,0,0,0,0,52,52
ASV173,TACATGGCTTGGTTGCAGCCCGACCTTATGGACGAGCTGCAACCAAGCCATGTACAGTTGTGATGTGGTGGAGCCTCCCCACTGACGCGCCTTCAACAGGACAATGCGAATGGGCTTGTTTGCCTTGCGAAGTTTCTCCAGCCTTGCAACAAATCTACGCTGGGGACGTGTGAGACGAAACAGAACGTCTTCACTTCTTCATGCC,Junk,0,0,0,0,47,0,0,0,0,0,0,0,0,0,0,0,0,0,0,0,0,0,47
ASV174,GGCAAAGGGACACTACACAGAGGGAACTGAGCTCGTCGATAACGTCCTTGATGTAGTTCGCAAAGAGGCGGAAGGATGCGACTGTCTTCAGGTATTTCGCAACCGTGCAGTTATTGCAAGTCATTTTTTGCTGATCTGAGTTTTACAGGGCTTCCAATTGACTCACTCGCTTGGAGGAGGTACCGGATCGGGTATGGGAACTCTCCTCATCTCAAAAATCCGCGAAGAGTACCCTGATAGGATTATGTCCTCGTTCTC,Hookworms,0,0,0,0,0,0,0,0,0,0,0,0,46,0,0,0,0,0,0,0,0,0,46
ASV175,GACATCAATGCCGCCATTTGTCCGCTCCTCCACCAGTTCTTTAAACTTGACGCATGCCTGTGCGGAGGCTGCGGAATCGGCAAGCACGTGGGCAAGCTTGATGACGTAGGTTTTCTCTGGTGCAGAGTTGCTTTCGCCGGGTGCCGGTCCGCTGTTTTCACTGCGGTCTGATGTTCCGCCGCAGCCTGTCAGGCAACCGGCAAAAACAGCGGCTGTGGTCAGCAATGCAAGAATACGCTTTTTCA,No match,0,0,0,0,0,0,0,0,0,0,0,0,0,0,0,0,0,0,0,0,0,46,46
ASV176,GCATCAGTTTCATTTGCCGGGTTATGTCATCAAGTGATGATTTCAGTCTCTGATTATCCTTTTCAACCACTATCATTCTGGACTGCATTTCAGCCAGTTTCTTACCGTCTGAAGTCGCCAGTAATCCTTCTTTCTCTGAAAGTTGTTGTTTTAACCGTGTTGTCTCTTCAGCACATTGTTCGTGCATTTTTTGCAGGCTCTGTCGT,Junk,0,0,0,0,0,24,0,0,0,0,0,0,7,13,0,0,0,0,0,0,0,0,44
ASV177,GGCCAAAGGCCATTACACTGAGGGGGCAGAATTAGTCGACAATGTGATGGAGATCGTTCGAAAAGAAGTTGAGGGATGCGACTGTCTACAGGGCTTCCAGCTTACTCACTCACTTGGTGGTGGCACAGGCAGTGGAATGGGAACACTTTTAATCAGCAAGATGCACGAAGAGTACCCTGATCGAATTATGGCTACCTTTTC,Junk,0,0,0,0,0,0,0,0,0,0,0,0,0,0,0,0,0,44,0,0,0,0,44
ASV178,ATAAGGATTGGCAGAAGTGAAGCCATACTAAGATCAACCATCAGTACCTCGAGGGTGAAGACAAGTCCTGCAATTGGAGCCTTGAAGACTCCTGCAATAGCAGCACTGGCTCCACAGCCCACCAGCAGAATCATGGTCTTCTTATCCATACGGAAAATCTGTCCCAGATTGGAACCGATAGCAGAACCGGTAAGCACAATAGGTGCCTCAGCTCCAACAGATCCACCGAAACCAATGGTAATACCGGACGCTACCACTGAAGACCAGCAGTTATGCCCCTTGAGTCGGGAATTCTTGGTCGAGATGGCGTAAAGCACACGGGTAATACCATGCGAAA,Junk,0,0,0,0,0,0,0,0,0,0,43,0,0,0,0,0,0,0,0,0,0,0,43
ASV179,AGAAAAGACTGGGCTTCCAATGCTATGATCTGGGGTTTTTAGAGGAGATAACAGAAAGGGGCCTCATCACCAACAGTGCTATTCATGTTGCCCAGAGGGGATGGGAAAGATAGTTAATCTGGGGAGGCAGGTACATTGAGATGTGGTTTAAGGATGGCTCCTTGAGCTAGATGGAAAGAAAACTGACTGAAAGTTTTCTAAAAATTCTTTATGAATTCTCTCTTACCATCTCCCAAATATCTTTTTTTCAGCAAATGTCTCAATCCCTTCTCTTCCAGAACTCGTGTAGCTCCTCCTC,Junk,0,0,0,0,0,0,0,0,0,0,0,0,42,0,0,0,0,0,0,0,0,0,42
ASV180,TTGCCAAGCTTGCAGGTAAGTTAAAATCCAAGGGAAAGAAACCTCTTCTTGTAGCCTGTGACGTATATCGTCCGGCTGCGATTACACAGCTTCAGGTAAATGGTGAAAAGCAGTGTGTGGAAGTCTTTTCCATGGGAGATAAACAGAAGCCTGTAGATATTGCAAAAGCAGCCGTTGAACATGCAAAATCCAATCAGCAGAATGTTGTTCTGATCGATACGGCAGGACGTCTTCACTTCTTCATGCC,Junk,0,0,0,41,0,0,0,0,0,0,0,0,0,0,0,0,0,0,0,0,0,0,41
ASV181,CCGGAATAAATCGATTTGTTTTTTCCGATTTTTTGAACATAAAGGCAAGGGTCAAGCCCGCAGCCGCGGCAATACACAGGGCAGCCGCCGCAATCAGCAGGTGCTTTATTCTTTTCGACATTGCGGCGTCACCCCTTTCTGTTCGTTATCCTTTCGCTGTTGCCGTTGAGCCATTTATTATTAACGGGAGCATCGCCAAAGGTGACTTTCGT,Junk,0,0,0,0,0,0,0,0,0,0,0,0,0,0,0,0,0,0,0,0,0,37,37
ASV182,CTCCATCTTTGCCACGGTGCCGCCCAGCATCCGGCGCAGGATGTACACCACCCGGCTGGTGACCGATACCATAGGCGCGGTGACCAGCGGCTCAAACTGCTGCTGGGTAGGCACGCGGCGGGTCTTGGTGCGGCCCGCCAACGCCTGCCAGTAGTCTGCCAAAATCTGCGGGGCATGGTGCAACGCGTAGG,Junk,0,0,0,0,0,0,0,0,0,0,0,36,0,0,0,0,0,0,0,0,0,0,36
ASV183,TAGATTATGGATGTTTTGCGGAAAAATAAGGACGCAGACCGGATGAGAATGACGTTCTTGCGATGTTTAATATGTTTGAGGAAAAGCTTTTATCTATTCTTCACAACTTTGCAGAAGTGAAGGATGGTGTGTGCGAAATGGTGCGTGTGCTTCGGGCACAGGGGTTAAAAATTGGCTCAACAACAGGTTATAATGATAAGATGATGTCGAT,Junk,0,0,0,0,0,35,0,0,0,0,0,0,0,0,0,0,0,0,0,0,0,0,35
ASV184,GGCCAAGGGTCACTACACTGAAGGTGCTGAGCTTGTTGACTCTGTTCTTGATATCGTGAGACGCGAGGCCGAGAACAGTGACTCTCTCCAGGGTTTCCAGATCTCCCACTCGCTTGGTGGTGGTACCGGTTCCGGTATGGGTACTCTCTTGATTTCCAAGATCCGTGAAGAGTACCCCGATAGAATGATGGTTACTTTCCC,Junk,0,0,0,0,0,0,0,35,0,0,0,0,0,0,0,0,0,0,0,0,0,0,35
ASV185,AACAAAAAGTCCAGCGGCTCGGTGATGGACGCCACCGATGCGCTGAGGGCCAGCGGCAGCAGAGACGCCACCGTGGTGCGCCGCGCCCCGGGCTTGGCGCAGAAGATGAAGGCCGCCGCAACGCCCCAGTAGCCAAAGGTCTTGGTAAAGCCGGTGTACATCCACACCATGCTGTCGGAAAACGGCAGTCCCAGGCTATACTCGGTCATCATGATGCTGTAAGCGCCGGTATAGG,Junk,0,0,0,0,0,0,34,0,0,0,0,0,0,0,0,0,0,0,0,0,0,0,34
ASV186,GCTTAAACACAGATTATTACTGAATCTGAGAATTGCAATTTTACACACCATAGGATCTCAATCACAAAACTCTTCAAGTTTTAAGGCAAAGAAGAAAAAACAAGTAAGCAAACAGACCAAAACCTCACCACAAGTTTCTCCCACAGATATTGTGGCAGAGAAGCCTTTTTGTTAATGCTCCATGAACCTTGCCCAGCATCTGTGGCCCCCATCCACTGCCACCATTGCTGCATGCTGCACCCCAGCCACCACCAC,Junk,0,0,0,0,0,0,0,0,0,0,0,0,0,0,0,0,0,0,0,0,33,0,33
ASV187,GGCAAAGGGACACTACACGGAAGGAGCTGAGCTCGTCGATAACGTCCTTGATGTAGTTCGCAAAGAGGCGGAAGGATGCGACTGTCTTCAGGTACTTTCAGGTCATGCATTTTTATCTGTTTTTTTTTTGCTGATTTCGTTGTTGCAGGGCTTCCAATTGACTCACTCGCTTGGAGGAGGTACCGGATCGGGTATGGGAACTCTCCTCATCTCAAAAATCCGCGAGGAGTACCCTGATAGGATCATGTCCTCGTTCTCTGTTGTCCACGCACCAAAG,Hookworms,0,0,0,0,0,32,0,0,0,0,0,0,0,0,0,0,0,0,0,0,0,0,32
ASV188,AACAAGACCAGCCTTTAAACTGCCTGTAAAATCCTGCTTCCCTTAAGTAAGTCACTTCCAATGGCAAAACAAAATGTTTGCAGCTGCAGCGGGGGAGGAAGGAGGGGTTGGTATTCGGCTGCAGAATCACCTTGTGACTGGGTTTGGCACTGCCCTGGAGCTGGACCCAGGCTAGCCCTAGTCGGAAGTAGGGCACAACCATAGGCTTAATCATGAGCTAATAGCTGGAGGGGCCCTGTGCCCGCGTTCTCAAACCAGGTCAACACTGCCTCTGAGGTCAGGAG,Junk,0,0,0,0,0,0,0,0,0,0,0,0,0,0,0,0,0,32,0,0,0,0,32
ASV189,TTAATAAGTTGAATGACCTCTTTACAATGTATCATGTTCTATCAGATGAAACTATTTCAGATGAAGTTCAAGCTATTTTGGATCAATCAGGTTTATCACCAGTTGGTGAATTCTATCTTTGGGTAGCTAAAGCCCCTGCAAGTTTCTATACAAACTATGTTAAGGCAGGTAAGAACGTTACCATTGACCTTCCTGCCTATCTCACAGCAGATGCAGGCAC,Junk,0,0,0,0,0,0,0,0,0,0,0,0,0,0,31,0,0,0,0,0,0,0,31
ASV190,CAACTTCAGTGGTTTGGGCTACAACTACAGGCGTTTCTACTGATATACAGATGGCAGGAACGGCATTTACGCACGAATCCACCACACAGGCAACTGCAACCGCCTCCGGCAGTGATGAAACAACTGGAACTGCTACAAGCGAAACACAAACCACCACAACAGAAGCGGTGAAGAAGGAAGGCGTTCCGCTTGCGAACTTCTCCGATGCAAAATCTGCACAGTGGCTGGATCGCTCTGTACTGGAAAGTGCCGATACCTTTACCGCAGCATTGGAACAGGTCAGCGGAACAAAGGCAGT,No match,0,0,0,0,0,0,0,0,0,0,0,30,0,0,0,0,0,0,0,0,0,0,30
ASV191,CCGGTGGTGATGGTGGTGGGGATCCAGGAAGGGTGCATCAACCATGCGCTGCTCACGGCCCAGGCTATCGCAAACGACGGCCTGCCGCTGATTGGCTGGGTGGCGAACCGCATTAACCCGGGGCTGGCGCATTACGCTGAAATCATTGACGTGCTCAGTAAAAAATTACCCGGGCCGCTGGTGGGCGAACTGCCTTACCTGCCGCGCGCCGAGCAGCGTGAGTTAGCGCAATACGTCGACCTCTCTGCTCTCGGCGGTA,Junk,0,0,0,0,0,0,0,0,0,0,0,0,0,0,0,30,0,0,0,0,0,0,30
ASV192,ATCATAGGGCTGGAGCACAAATCCCTGCTGGCCGTCGATCACAAAGCCGTCCTTCAGGGCAAAGGTGAAGGTCTGGCCGATGCTGTCGGTGTAGCTGGTACTCCTGGGGTCCTTGATACAGCGGGAAACATCCACCCGTACGGTAGAGGCAGCCTCACGCAGACCTCCGGCACGGATAATCAGGTCTTCCAGCGTCA,Junk,0,0,0,0,0,0,0,0,0,0,0,0,0,0,0,0,29,0,0,0,0,0,29
ASV193,GGCAAAGGGACACTACACAGAGGGAGCTGAGCTCGTCGATAACGTCCTTGATGTAGTTCGCAAAGAGGCGGAAGGATGCGACTGTCTTCAGGTATTTCGCAACCGTGCAGTTATTGCAAGTAATTTTTTGCTGATCTGAGTTTTACAGGGCTTCCAATTGACTCACTCGCTTGGAGGAGGTACCGGATCGGGTATGGGAACTCTCCTCATCTCAAAAATCCGCGAAGAGTACCCTGATAGGATTATGTCCTCGTTCTCTGTTGTCCCTCACAAAG,Junk,0,0,0,0,0,0,0,0,0,0,0,0,0,28,0,0,0,0,0,0,0,0,28
ASV194,CTCGTGGCATGACGATCCGAAGTATTACGGAAAGGAAAACTATACAGGAGTTCCATGGGTGCCGGCTGGAAGGGCAATGGACTCCTACAAGCGCTATGAGGATGATATCGTGCTGGCAAAAAGAATGCATCTCGACGCGTTCAGATTATCAATTGAATGGAGCCGGATCGAACCGGAACAAGGACAGATCAAGCCTGAGGAAATCGCGCACTATGTACATATTCTCGAACGTCTTCACTTCTTCATGCC,No match,0,0,0,27,0,0,0,0,0,0,0,0,0,0,0,0,0,0,0,0,0,0,27
ASV195,ATACACCGGCCAATTTCCCTTGTAAAGCCTGAGACACATCTGATACAGGATTAGCAGTTAAAGTTTCATTACTTACTGATGCAACAGAACCTGTCAAGTCACGTTTCTTAACAGTTCCATAACCGATAACCACAACTTCGTCCAATGTTTCAGTATCTTCTTTTAAGATAATGTTAAACGAAGTTTGATTTCCTACAGGAATAGACTGCTGAACATAACCTACATAAGTAATAGTAAGCACGTCGGAATTTTTCACATCTGAGATTGCAAACTTTCCATCAAAATCAGTAATAGTACCATT,Junk,0,0,0,0,0,0,0,0,0,0,0,0,0,0,0,0,27,0,0,0,0,0,27
ASV196,ATACAAGCGATTCTGAATACCATCTTTCATACCATTGTCTTTTTTCAGTTTTTTCACCGCCTCCACTACCTGCTCCGGTTTTGCGGAAAGCAGAACCGAAAGGTCTGTGACCTGTTTTTGCTTTTTCCGATAATCTTCCAAAGCCTTTTTCCCACAAAGCATGGAGATCCGCACACCACCTTTGTAATGGATCATCCCCAGCACTTTGATCATTCCTATTTCTCC,Junk,0,0,0,0,0,0,0,0,0,0,0,0,0,0,0,0,0,0,0,0,27,0,27
ASV197,AGCCACTGGGCCATAGATTTTATAAAATTTTTATGGATACCTTTACCAAATGGACCTTCGGGGACTCGAACCCAGGACCGACCGGTTATGAGCCGGTTGCTCTAACCAACTGAGCTAAAGGTCCATAAAGCCGATGATCGGACTCGAACCGATAACCTGCTGATTACAAATCAGCTGCTCTGCCAATTGAGCCACATCGGCACAAATTTGTGGCTTCCAGCCAATGACTCCTACGGGAATCGAACCCGTGTTACCGCCGTGAAAGGGCGATGTCTTAACCGCTTGACCAAGGAGCCTTATTTTTAAAAAACTCCCCC,Junk,0,0,0,0,0,0,26,0,0,0,0,0,0,0,0,0,0,0,0,0,0,0,26
ASV198,TAACATGCTGTGCCTGGGAGATGGGTAAAGGTCTGTCCCTGGAATCTTAGGATGCCGCCATGTGAGAATGGCTTGCCCAGGCGCACGCAGGCATCATTGATGAGGAACTTCACCGGGAAGTTATCGGTGCAATCGATGATGAAATCCCATGGCTTGATGATTTCCTCGGCATTGTCTGAGGCGAGGAAAGTATGATA,Junk,0,0,0,0,0,0,0,0,0,0,0,26,0,0,0,0,0,0,0,0,0,0,26
ASV199,GCTCATTATAATGAGATTAGAGCCTAACATTTCCTGAGTTTTGGGGTTTTGATTTCAGGAAAATTATTGCTCGAATTTACCAGTTCTGTGAGGCTAAAATGAGAGATGCATTATTTTTGTTCTAAGACTTAGAACAGTGGACTGACAAATGGGAAAATTAAGCTCTTATTTGCTTTCATTAATTTGATCACTGTTACCAAGTTCTGTGAAGTCTGGCAAACTAAGACCCA,Junk,0,0,0,0,0,0,0,0,0,0,0,0,0,0,0,0,25,0,0,0,0,0,25
ASV200,GAGCTTGTATTGTATAAGCTCACAAATACACCGATCAAAGGTGTACTTCTTGGAACGATAGTTACAGCGATTATTCAGTCATCTTCCGCAACGACCGTCATGGTTGTCGGATTCGTAAATTCGGGAATGATGAAAGTCGCACAGGCGATTGGAATTATCATGGGAGCAAATATCGGTACGAGTGTTACCGGATGGATCCTTTGTCTTTCCTATATTGATGGGTCCAGCGGTATCGCACAGT,Junk,0,0,0,0,0,0,0,0,0,0,0,0,0,0,0,0,0,25,0,0,0,0,25
ASV201,CTCGTTGTGGTCAGTTTTCAGGTCCCAGATGTGGATGGCGCCGCTCTGGTCACCCACGATGAGCTCTGCCTGGGGTGCAGGGGAGGTGAGGGAGGGCAAGTCCCCTGCCCTCCAAAGCCCCACGGTGCCCGGCCCTGTGAGTACCCCTCACCTGGTTGGGGTGCAGGCACACGCAATTAATGGGTGCATTCACCTGGAAGATCCGCTGACACTGCAGGTTCCGGGACCTTTAGGGTGGGCACATATGCTGTATGGCATGC,Junk,0,0,0,0,0,0,0,0,0,0,0,0,24,0,0,0,0,0,0,0,0,0,24
ASV202,GGCAAAGGGACATTACACGGAAGGAGCAAAGCTCGTCGATAATGTGCTAGATGTAGTTCGTAAAGAAGCGGAAGGATGCGATTGCCTTCGGGGCTTCCAATTGACTCACTCACTTGGAGGAGGTACCGAATCTGGTATGGGAACTTTCCTCATCTCTGAAATTCGCGAAGACCCTGATAGGATACGTCTTCACTTCTTCATGCC,Hookworms,0,0,0,0,22,0,0,0,0,0,0,0,0,0,0,0,0,0,0,0,0,0,22
ASV203,AAACTCCGCTGCCCTCCCAACACCTCTGCGGCAGCCGTGAGAGGGTCAGCTATTGGGAAACACAAGTTAATGACAGATCCCCCTCTCTCCCTCCTAATCACGGAGCACCCAATTACTCAAGAGAAATGAATGCCTGGGAACGATCACTTGAGCCTCTTGCACTCTCTCCATAACCACCCCAACTCTAATAGCTGCCCGTCTGTCTCGCTCT,Junk,0,0,0,0,0,0,0,0,0,0,0,0,0,22,0,0,0,0,0,0,0,0,22
ASV204,GGCAAAGGGACACTACACAGAGGGAGCTGAGCTCGTCGATAACGTCCTTGATGTAGTTCGCAAAGAGGCGGAAGGATGCGACTGTCTTCAGGTATTTCGCAACCGTGCAGCTATTCCTATAATTTTTTTGCTGATCTGATTTCTTCAGGGCTTCCAATTGACTCACTCGCTTGGAGGAGGTACCGGATCGGGTATGGGAACTCTCCTCATCTCAAAAATCCGCGAAGAGTACCCTGATAGGATTATGTCCTCGTTCTCTGTTGTCCACGCACCAAAG,Hookworms,0,0,0,0,0,0,0,0,0,0,0,0,0,0,0,22,0,0,0,0,0,0,22
ASV205,ACTCAGAGAATGGAAAGCTATGGGATATAAAGATGTAAAACGCAGTAATCCGAGCAAACCATCCCATGTCCTGGCGATTATCAACCAGAAGGGTGGCGTTGGTAAATCGACAACCGCAATCAACCTCTCTGCCGCACTTGGTGAAGAGGGTAAAAAATGCCTGGTTGTTGATTTTGATCCCCAGGGGAATACAACCAGTGGTTATGGCATAGATAAAGAAGAACTTGAGCACGACATTTACGATGCCCTTCTTGATGGATACGATTTCAGTGAACTGATTGTTGGAACTCCTGAGAAAAAGG,Junk,0,0,0,0,0,0,0,0,0,0,21,0,0,0,0,0,0,0,0,0,0,0,21
ASV206,GCACACTTTGTCCGTCAGCAATTTATTTTGCCCGCTCACAGACTTTGTCACCTTTTAATATCATGTAGACCCGTTGGACGTTTTGAATCTCCCTTGAGAGCGCACACTGTACTGTCACCTCTGACCTGCCATCAGACCCTTTCACGTTATTGCTGCTGCGGCCAATATTTATGGAAACGGCATCGATTTAGGTGTACATCAAATGACGCTGAAGGCCTGTTGGCGCATATGTATTGCGCGTGTTTTAGAGTTTGTACCTCATCGCAAATATTGATTAGAATTTCTCTTTGTAAATGAAGTT,Junk,0,0,0,0,0,0,0,0,0,0,0,0,0,0,0,0,0,0,0,21,0,0,21
ASV207,AATCTCCAAGGTAAACTGCAGCATTCACCGAGGAGTATGTTAGCATGGATCAGAGCAGGCATGTCTCAGTGTCAATGATATCTCAGGATCATAAAGTAGATCCATTTATCCTTTGAGGACGGTTTGTTTCCTCAAGGCAAGAATGGAGAACTAGTCTTCACGCGCGACAGAGCCGCATTCAGTCGTCCCATCCTACAGACGCTCACTTAGGCAAGAGGGTGAACCTGCTGGACTACTTGACATTCTGCTAATGGCCAGGCCAGATTAAGTTGCCTGGGTGAGCATCCTCTTTATCCCCTTGCTGCACCT,Junk,0,0,0,0,0,0,0,0,0,0,0,0,20,0,0,0,0,0,0,0,0,0,20
ASV208,GGCAAAGGGACACTACACAGAGGGAGCTGAGCTCGTCGATAACGTCCTTGATGTAGTTCGCAAAGAGGCGGAAGGATGCGACTGTCTTCAGGTATTTCGCAATCGTGCAGGTCTTCCTGCATTTTTTTTGCTGATCTGATTTTTTCAGGGCTTCCAATTGACTCACTCGCTTGGAGGAGGTACCGGATCGGGTATGGGAACTCTCCTCATCTCAAAAATCCGCGAAGAGTACCCTGATAGGATTATGTCCTCGTTCTCTGTTGTCCCCGTACCAAAG,Hookworms,0,0,0,0,0,0,0,0,0,0,0,0,0,0,0,0,0,0,0,0,20,0,20
ASV209,GGTTGCGCCTGCACCAGACTCCCAACCTACGATGTTGCCGCTCTTGCCGGCACCGCCACCATGGCCACCGCAGTGAGCGTATGTGTATGTGCCGCCACCCTGAGGCTTGAATGCAATCACGGGACGACCATCCTCCAGACGACGAAGGAAGTCGAACTTCAGTGTTGTAGTGCTCTCCAGTGCCAGAGTGCCTACTTTGCTCTGTTCCAGAGTGTTTACGATACCGTCGGTGGCAATGTTCATCATCTGGATAGAGTCAGTGCCCACGTTGGTGAGCTTCCACAGATAGCGGCAGTCGGTTTCGTCTC,No match,0,0,0,0,0,0,0,0,0,0,0,0,0,0,0,0,0,0,0,0,0,20,20
ASV210,AGGAAGTCAACAGGCAGTCATGCTCCAGGACGCTCCAGCCGGGGTATAAAGGCCGCCCTGGGAGCACCCTCCAGACACCTCCACCCTCCTCCCTGACACCAGCCCAGCTCCACGCCAACATGTGCCACACCAGCTGCTCTCCGGGCTGCCAGGCTTCCTGCTTCACCTCCAGCCCCTGCCAGGCGTCCTGCTACGTGCCTGTGAGCTGCCGGCCCTCCGTGTCCGTGCCCGTGAGCTGCCGGCCCTCTGTGTCCATGCCCGTGAGCTGCCAGCCTGCCGTGTCCGTGCCCGTGAGCTGCCGGCCCTCCGTGTA,Junk,0,0,0,0,0,0,0,0,0,0,0,0,19,0,0,0,0,0,0,0,0,0,19
ASV211,CTTCCGGATCCGTTTTCAGATCGATGTTCGGATTCTTGGCGATCTCCAGATCTTTGACTTTGATCACATCACCGATCTTCATCTCACCGACATCCACCTGAACTTTATCCACCAGGTCAGCAGGCAGTGCCTTATAAGAAATCTCTTCCAGATCTTCCTGCAGAACACCTGCCTCTACTTTCTCATGGTTGAGCAGAACGATTTCCGCTACGGAATGTACTTTCTCGGTACTTACCAGTGCCTGGAAATCAATCTCATCCACGCGGTTTGCCATTGCATTGTAATCAACCTCTTTGATCAGTGCATCGTAGGTCTTGCCGTCTACTTCCAGCATAATCTGACTTCCTT,Junk,0,0,0,0,0,0,0,0,0,0,0,0,0,0,0,0,0,18,0,0,0,0,18
ASV212,CAGCACATGGGAATATGGCCAAGCAGGACCTTCCAGCTCAGCTGACTCTCCAGCTGAGAGTCACTGCACGAGCGAGCCCTGGGTCTGCTAGGAGAGCCTAGCTACCCGCCCAACGCCAGGACCAGAAATGATGTTGTGCCAACCATTTCGCCATTTGGGTGACCCAGCCAGAGGATCAGATAGCTGCACGTGATATCAACATGTGATAGACACACACACACTCCAAAACCAATTCCAAAGTCGGAAACCCCCCCAATGTTGTCTAACAGCAGCCAGATGGTTACATACACGACGC,Junk,0,0,0,0,0,0,0,0,0,0,0,0,0,0,0,0,0,0,0,0,18,0,18
ASV213,CTTGCTTCCATTACACTTGTAAGAGGCAATTTGAGAAGTTACTCCCCAGGAATTAAATTTTGTGGATAAACATTTTAGCTAATTGCATTATTGTCCTCAGAACATTGAAGGCAGCACTAAGCCAAACCAAGAAATCCAATTTATTTCTTTTTTTTTTTCTTAAGCAATTAAATTCTCTTCCACTAACACATTTTAGGACTCAAGAAAAAATGCATATACTACATATTAGATGGATGGGAAAGATATAAAAGAAAGTTTTGTTTAAGTGTAAAATTTGTGTTTTAAAGAAGGGAAAA,Junk,0,0,0,0,0,0,0,0,0,0,0,0,0,0,0,0,0,0,0,0,18,0,18
ASV214,AGCTACGGGGCCGTTGTTTCAGCCTTGCGACTGGCAACAGATAGATATATTACGGCAAAGTCGCTATCGTGCAAATTTCGGCGTGTCATCGATGAATATTCGTATGAATTGCTGAAAGAAAGTATTTGCTTAAACTGCGGCAGTAGTAGGGAAGAAAAGCAACGGCCGGTCGCATATGAGGGGAAAACTTCTCATATGCGACCGGCCGTTACCGTTGCGGTGCCG,Junk,0,0,0,0,0,0,0,0,0,0,0,0,0,0,17,0,0,0,0,0,0,0,17
ASV215,ATGTGTAGGAACCACCATCAGAGAAAGAGTCAGGGGTAACATTTAAAACTCCCATGATACAAGCTTTGCCATCAATGTCATGTTTACCGATTTTCATTATGATCTCCTTAGCAATTCAATACCTTAAGAAATTATTTTCCTAAAATCAAAGATAGGATTTTCTTACGTTCTTCATGGTCTTCTTTAAAAATCCCTTTAGCGAC,Junk,0,0,0,0,0,0,0,0,0,0,0,0,0,0,0,0,0,17,0,0,0,0,17
ASV216,GGCAAAGGGACACTACACGGAAGGAGCTGAGCTCGTCGATAACGTCCTTGATGTAGTTCGCAAAGAGGCGGAAGGATGCGACTGTCTTCAGGTACTTTCAGGTCATGCAGTTTTGTCTGTTTTTTTTTCTGCTGATTTCGTTGTTGCAGGGCTTCCAATTGACTCACTCGCTTGGAGGAGGTACCGGATCGGGTATGGGAACTCTCCTCATCTCAAAAATCCGCGAGGAGTACCCTGATAGGATCATGTCCTCGTTCTCTGTTGTCCTCACCAAAG,Hookworms,0,0,0,0,0,0,0,0,0,0,0,0,0,0,0,0,0,0,0,0,17,0,17
ASV217,TTCCTTCTGAGCCGGAACAGCCATGTCACCCACACAGATGGAAATACCAGCACGCGTAGACAGGCGATAGCCATTGTCCTTGAGCTTGTCAGCGAACATGACCGTAGCACGTAAACCGCACTTGCGGAAGCAACGGTTAATGAGCTTGGCAATTTCCTTCTTCTTCAGAGTGATGTTCAATTCCTTGAAGCTCATCCCTTCAGGAAGGATTTCGGACAAAAGCGCACGACCCACCGTCGTTTCATAGCGAACAATATGAGCCGTCTTTTCACCCGTTTCCTTGTTGAGTTCGTATTCACGAATACGAACCGTACAACGCGTCTGAAGTTCAACAACCT,Junk,0,0,0,0,0,0,0,16,0,0,0,0,0,0,0,0,0,0,0,0,0,0,16
ASV218,TAAGTCAAGCAGAAAAAAAGAAGAACCGGTTTCGGTTTCCGCTGTGGCAGAAAGGGGTTCGGTATGGAGAAGTCGATTTGGCATTTTTTTAGATTGTCATCGCACTTCTGGTCATCGGAATTATTATGATGTTTTCTGCCAGTTACGCATGGGCGATTTCAGAGGGGTTAGAGGGCAGTTATTACGCAAAAGAACAAATCAAAATGGCAGTCATTGGGTTGGCTGCGATGTGGTTTTTATCCATTGTCGATTATCATCTTTATAAAACGCCCGGCATTGCAATTTGTGCCTA,No match,0,0,0,0,0,0,0,0,0,0,0,16,0,0,0,0,0,0,0,0,0,0,16
ASV219,ACTTTTTGCCACAACAGCCTCAAACTTGGCTCTCTTTGAGGCTCTGGAGGACTTGTAGCACATTCAAAGACTTACTTCATTTCTTTATCCCCAGGGAATATGTTTGAGCAATGGAAAAAAAAAATTTCCCAGCATACCTGAATTAGGACAGAAAAGACTTATCTTTGAGAATATCTCTTTTCCTGGGTACTGGATCAC,Junk,0,0,0,0,0,0,0,0,0,0,0,0,16,0,0,0,0,0,0,0,0,0,16
ASV220,GGGCTGCCAAAATGTCCTCGCCTACCATATATTCATCATTCAAGTTATACACCTGTGGATCATTTTCATAATTAAGGACAAGTGGACGCATAATTGGCAAACCTGTCTTAGTTTCACGATAGAATTCATCGTAAAGATATGGAATGAAACGGTAACGCAGCTTCAAGTACTTACGGTAAATTGACAAGGTTGGTTCGCCAAATACCCATGGTTCTTGTGAGCGAGTTCCTAGAGCCGCATGGTTTCTGTACAATGGACTAAACAATGCGCCTTCGATCCAACGAGTCAACAATTCAGG,Junk,0,0,0,0,0,0,0,0,0,0,0,0,0,0,0,0,0,16,0,0,0,0,16
ASV221,TAAGTGGTTGTCCTTCCCATTGCCTTACTAGTCCTTGTAACAGCACCACTAACAACATTGATATTGTCGTGTTTCGATCTGAGGAGATTGGGAAAGACTTCTCTGGAGTGGCCAGTTGTATCATCCTGCTGGGGCTGCCTTAACAGAACACCATAGACATAAACTACGGTAGCTTCAACCAGAGAAGTTCTGGAGCTGAAAGCCTGGGGTTGGGGTGCCAGCAGGGCTGGGTTTTCAGGAAGGTCCTCTTCCTCTCTTACCTG,Junk,0,0,0,0,0,0,0,0,0,0,0,0,15,0,0,0,0,0,0,0,0,0,15
ASV222,CGCAGCCCAATACCGAGCTGACAAGGCTCAAGGAGCAGCTGAAGGATAAAAAATTCTGGATGCGCGCGGTGAAACGATATGCCGGACGCGGCAGAAAGGATGTTGAGGAATTATGACAGAAGCATTGAGAATGGACGTGGAGCAACTGCGTGAGCAGGCAGGAGAACTGGCAATCGAGCAGCATCTGCTGCTTTCGGGATGGGTATACGTCTTCACTTCTTCATGCC,No match,0,0,0,14,0,0,0,0,0,0,0,0,0,0,0,0,0,0,0,0,0,0,14
ASV223,ACCTTTTTATCATGTCTGTACCTTTGCTTTTTCCAGAACCGTACGTCATGTGCTTGGAATCATAAAGCATGTTGATTCTTCGGAATTGCTGCTTTCACTTAGTGATACACATCTAAGGTCCCGCCATGTCTTTTTATGGCTTGATAGCCCATTTCTTTTTAGTGCCCAGTGCTATTGCATCGCCGGACGAAACACAGTC,Junk,0,0,0,0,0,0,0,0,0,0,0,0,14,0,0,0,0,0,0,0,0,0,14
ASV224,GATAAGAAAACATCCTATGTATTCGTTGCCAATCATCAAGGTTCATTCGATATCTTTTTGGTTTATGGATTTTTGGGGCGTAACTTCAAATGGATGATGAAGAAAAGCCTTCGTAAACTTCCGTTCGTTGGTAAGGCGTGCGAATCTGCCGGCTTTATTTTTGTCGACAAATCTAGTCCTCGTAAGGTATACGAAATAATAAAGAGTGCGGAAAAAGTATTGCAGGGAGGAACTTCATTGGTTGTATTCCCCGAGGGAGCACGTACGTTTACAGGACATATGGCAAACTTTAAGAAGGGAGCTTTTCTGCTTGCCGACCAGTTGCAACTTCC,Junk,0,0,0,0,0,0,0,0,0,0,0,0,0,14,0,0,0,0,0,0,0,0,14
ASV225,GGCAAAGGGACACTACACAGAGGGAGCTGAGCTCGTCGATAACGTCCTTGATGTAGTTCGCAAAGAGGCGGAAGGATGCGACTGTCTTCAGGTATTTCGCAACCGTGCAGTTATTCCTATAATTTTTTCCGCTGATCTGAGTTTTTCAGGGCTTCCAATTGACTCACTCGCTTGGAGGAGGTACCGGATCGGGTATGGGAACTCTCCTCATCTCAAAAATCCGCGAAGAGTACCCTGATAGGATTATGTCCTCGTTCTCTGTTGTCCCCTACCAAG,Hookworms,0,0,0,0,0,0,0,0,0,0,0,0,0,0,14,0,0,0,0,0,0,0,14
ASV226,GAGCATTGGATGCAGCTGGCCGATATCGTTCTCATCGAAGCGGATGGTTCCAGACGGATGCCCTGCAAGGCCCCGGCTGCACATGAGCCGGTGCTCTTGCCGCAGTGCGATATCGTGCTTGCGGTTGCAGGCGTTTCTGCACTGGGGGAATCACTGGAAAAAGGATGCTTCCGGGCAGAACTGGCACAGCAGATTTTGCGTGTCCCGGGAAATGCTGTGCTGACGCCAACACTGCTGGCAAAACTGTTTGTCAGCGAGTCCGGGGGGAAGAAAGCGGTGGGAGAGCGCAGCTTTTATGCGGTGCTCAATCAGGTAGACACCGAAGAGCAGGCCG,Junk,0,0,0,0,0,0,0,0,0,0,0,0,0,0,0,0,0,0,0,0,0,13,13
ASV227,AATGATGAAGATATCGCACGCCTCTCCCCGCTTTGCCACGGACATATCAATATGCTCGGCCATTATTCCTTCACGCTGGCAGAACTGGTGACCAAAGGTCATCTGAGACCATTAAAAGAGGCGTCAGAGGCAGAAAACGTTGCTTAACGTGAGTTTTCGTTCCACTGAGCGTCAGACCCCAAGAATAACGTGTTCCTTCCGGCAAAGGTTGGTCTTGCGGGTGACCCCCCCACAGAACAAGAGTTGCTTAGTCTTTTTTATCAGCAGTGCCTGAAACACGGAACATGGGGTAATGCCTGATAAAAAGGTAACGCTACGTGAAATCTGAGGCGTTCATGCG,Junk,0,0,0,0,0,0,0,0,0,0,12,0,0,0,0,0,0,0,0,0,0,0,12
ASV228,TTGATGATGACGGAGATGGAGTTTCTGGATACTTGAACGCAGAAGATGAGTCTCAAAAGCACTTTTTGGTAAATTTTGTTAATTTTGAGAACTTTATAGGATTGGCGAGCGTTTTCCCATATAGTAACGTCGTATCCAACCTTTATGCATATGACGGACAGTATTTTCTTGAATTAGTTTTCTTTGAATCAGAGATGACTTCAGATCAAGTCAAGGATGCTTTGTCTTTGGCATATGAATACGGTGATCCTGTCAACTTCTCAGTTGA,Junk,0,0,0,0,0,0,0,0,0,0,12,0,0,0,0,0,0,0,0,0,0,0,12
ASV229,TGATCTCGAGAGAGTCGCCGGTCAGGGGGCAGTGTCTGATCATTCAGGAAACTTCGGGATCCACAGCTAACGCCTCCAAAGAGCGGGTCTCGGCAGACCTGCAACTGTTCCAATGCCTAATCAACATGTCCCGCGAAACACTCCCAAAATGCGAACGCGATGCACTAAGGGACCTCGAGGCCAACAAGGACATCGTCATCGTTCCCGCGGACAAGGGGCCATCTACCGTCGTACTGGACAGAGCAAACTACTTTTAGAAGACCAAAAACCTACTGAGAATCGTCGTTTTTATGTCACACGTGAAAACAACCCTGTAAAAAACACTGACAACTGAAATTACTGCGACAC,Junk,0,0,0,0,0,0,0,0,0,0,0,0,0,0,0,0,0,0,0,12,0,0,12
ASV230,GGCCAAGGGACACTACACTGAAGGTGCTGAACTCATTGACTCCGTCCTCGACGTGGTCAGAAAAGAAGCTGAAGGATGTGACTGCCTCCAAGGATTCCAAATTACCCACTCTTTAGGAGGTGGTACCGGATCTGGTATGGGAACACTCCTCATCTCCAAGATCAGAGAAGAATACCCAGACAGAATCATGGAAACTTTCTC,Junk,0,0,0,0,0,0,0,0,0,0,0,0,0,0,0,0,0,0,0,0,12,0,12
ASV231,CCTGTCATATGCTGCTTTGCGTGCCTTTTCCCTTATTTGCTTGGCTATATTCTTGCTTCTTGGCTGGCTCAGCATTACATACTATTAGTAGAGAGCTCCATTTTTAATCACGGTAATCTCAAGAACCTCACCCCTCACAAACAAGAATTATTATTCAGACGCTGACAAAGCTACATATTCCATAACCAATTTAAGGGAAGATCAGAACCTTGTAAAACAGAGGGGCATGCTTTGAACTCATACTAATTCTTGTCTAGGTTTTGCCTGGGTTTAGGTGCCAAATGTGTGGTCTCCAGAGTATTGTGC,Junk,0,0,0,0,0,0,0,0,0,0,0,0,11,0,0,0,0,0,0,0,0,0,11
ASV232,TGCTACCCTTTTGAATTCCACGAAGAAGTTAGTCTGTCTGTAATTTTATTAGGCTGAGACTTTTTCCGATGGTTTATTTTTCCGATTGCTCACAGCCCATAGAAGAGAGCCAGGGAGGGAAGCCAGCGCGTTTGCACTATTTACCTACTCCCTGACTTTGGAACGCAGCAGATCTGCTGTGTGGTGCTTTGTTACACCAACTTTCGCAGATTGGGACAATAAACCGTAAGCACGTCAGCTCACTTGGAGGGACCCGATATCTGATTGTTGCTCTCATAAGTATCTGTACCAATATTTATATGATTCTGATAGTCTTGAGTTG,Junk,0,0,0,0,0,0,0,0,0,0,0,0,11,0,0,0,0,0,0,0,0,0,11
ASV233,AGTTACCCAACTGCCCCAGTACTATACATATTTAGTTTTTAGTGATTAAAATGGTATTATAAGGTCAGTTTGAAACACAGAAGTAGCTGATCCTATGCAAAACCTTAAAAATTAATAGTCAAGGCAAAAATGGATCAGTAACAGTTAATTGTGCCAGAAAGAAGAGGACCCAGAGTAAAGCTCAATGGACACAAAGTATCGTGCGGTGCCATAGTTGCTCTCTTGAGCCCTGGAGCCAGAGAACAAAAGTATGTACAAAACAACTTTGGAAGATCTGTG,Junk,0,0,0,0,0,0,0,0,0,0,0,0,0,11,0,0,0,0,0,0,0,0,11
ASV234,ACGGACAGGCTATGTTTGAGACATAGTCGTTCTTATGATACAGAGGAAGAAGAAAGAGTCAAACACACAATAGTTCTTAAAGATTCTGCCAGGAGGTAGTATAATTTACATATCATTGGCCAAAGCAAGTAGCATAGCAAAGTTCAATTTCAATGGAGAGAGAATATGTATTCCTTCTACAGTGGGGGACACTGCACATTTTACAGAATCAGGAATAATGTCTAACGTCTCAGAGAGAAGTGTCAAATAAATCATTAGGGACATAAAAGCAATCTATCAGAAAACTTAAGCAAACCTTTGTTCCCTGCTTATCTAGCTTAGCTTCCCAGGGAAGACTAACT,Junk,0,0,0,0,0,0,0,0,0,0,0,0,0,0,0,0,0,0,0,0,11,0,11
ASV235,CGGCCTGTAGCCCAAGTTGGTTCCAAGAAAAACTGCAGACATTGCCCTTAGCGGAAAGTCCCATATCGGAATGAGGACCTAACATCTTGAGAAACTCCCCCACCCTTACTGAAAATCCCCTAGACCAGCCCATAAAAATCCAGCTGTAACCCACCTCAGAGTCCAAGTCCCTGCTCCGAGTGACGGGTACACTTGGACCCAAGCTCCAGCTTGCTAATAAACCCTCGTGTGCTTGCATCGG,Junk,0,0,0,0,0,0,0,0,0,0,0,0,0,0,0,0,0,0,0,0,11,0,11
ASV236,GCAGGCCGGATGGCAGGGGTTGACCAGCGGACCTAATAAATTAAATAAAGTACGTACGCCTAATGCCTTCCGCACGGGGGCCACGGTTTTCAGGGCCGGATGGAAGAGGGGAGCGTGCAAGTAAGCCATACCGCATTGTTCGATGGAGCGTTTCAGTTTGTCCGCGTCGTTTGTGAATTTTACGCCGTAGCGTTCCATCACGT,Junk,0,0,0,0,0,0,0,0,0,0,0,0,0,0,0,0,0,0,0,0,11,0,11
ASV237,GTACACCAGCGGTAAGTCCATCCCGGTCCTCTCGTACTAAGGACAGCTCCTCTCAAATTTCCGACGCCCGCGACGGATAGGGACCGAACTGTCTCACGACGTTCTGAACCCAGCTCGCGTGCCGCTTTAATGGGCGAACAGCCCAACCCTTGGGACCGACTACAGCCCCAGGATGCGACGAGCCGACATCGAGGTGCCAAACCTCCCCGTCGATGTGGACTCTTGGGGGAGATAAGCC,Junk,0,0,0,0,0,0,0,0,0,0,0,0,0,0,10,0,0,0,0,0,0,0,10
ASV238,TCGAAGGTTCAATCCCTCCGATACCTCCGTCGATCACGAGGTCCACTACGTCACCGAGTTTTTCGTCGATCAGTTCCGGGTCAGTGACGTACTCTATGTCTTCGTGCTCGTCATAAGGCAACGTGGTGGTCATGATCGGAGCATCCAGCAGACGGGCAATTTCACGGATGATACTGTTATCCGGCATACGGATACCTACTTCTTTCCGGTTTCGAAAGATTTTGGGCAACCGGTTAGTTCCGTTCAGGATAAAAGTGAAAGGTCCGGGCAGGTTACGTTTCATCAACTTGAAAA,Junk,0,0,0,0,0,0,0,0,0,0,0,0,0,0,0,0,0,0,0,0,10,0,10
ASV239,CGCTATACCCACCATGTGCATCTTTGATGCGAACGTGCTTGGAGGGATTCGAACCCCCGACCCACGGCTTAGAAGGCCGTTGCTCTATCCAGCTGAGCTACAAACACATCACATTAAACCTTTTGGGCTTAACGTAAGCGGGTGATGGGAATCGAACCCACATATCCAGCTTGGAAGGCTGGTGTTCTACCACTGAACTACACCCGCATAAAATAAATAACATTTCTTTTTTTAAGAAACAGTCGGGGTGACAGGATTCGAACCTGCGACCTCCTGGTCCCAAACCAGGCGCTCTAACCAAGCTGAGCCACACCCCGAAAGTGTTTTTT,Junk,0,0,0,0,0,0,9,0,0,0,0,0,0,0,0,0,0,0,0,0,0,0,9
ASV240,CCTTCTGGGTCAGTTTGGGAGTGTGGGTTAAAATTAGACACTATAATACCTGTTTGAAAGGATCACAGTGTAAATTAAATGCAACACATGTCGCGATAATGCCTAGCACGTGGTAGGTTATTTCCCTCTCAGTTCCCTCTTGCCAATCTCCCTTAAAGCTACCAAATTCATAGATGATCACCAAGGCAATTCTGTTCCATTTGATTG,Junk,0,0,0,0,0,0,0,0,0,0,0,0,9,0,0,0,0,0,0,0,0,0,9
ASV241,CTTCAACGGTGGCAGCCGGTTCTGATTGGCCAGATGGTCAAAGACGAGATCCATGTCCGCCGTCAGGTCCGCATCCGCCGTCAGATAGCTTAGATCGGTGTAGAGCCGGGCCGTGCGTGGGCTGTAATTGCCAGTGGACAGGTGCCCGTAGCGCCGCAGGCGCCCTCCTTCGCGGCGCGTCACCAAGAGCATCTTGGCATGGGTCTTCAAGCCCACGACGCCATACACCACCTGCGCGCCGATGGACTCCAGCGCTTCGGCCCAGTTGA,Junk,0,0,0,0,0,0,0,0,0,0,0,0,0,0,0,9,0,0,0,0,0,0,9
ASV242,AACTACCAGACCATTTTGGTTGCGGGAGAAGGATTTGAACCAACGACCTTCGGGTTATGAGCCCGACGAGCTACCAGACTGCTCCATCCCGCGATATTCTTTTTTTAAATAAATGGCGAGGGATGAGGGATTCGAACCCCCGCGGGACGTTAATCCCCTGTCGGTTTTCAAGACCGATCCCTTCAGCCGGACTTGGGTAATCCCTCGCATTATTGGTGGACCC,Junk,0,0,0,0,0,0,0,0,0,0,0,0,0,0,0,0,0,0,0,0,9,0,9
ASV243,CCTCGTTATCGTCTTCCTTATCTCTTGTGACGCTGTAAGTTCCGGCCATAAGACCGAAGGACTGCGGAGTGTGCTGCTCATCTGTTTCACAGGTTACATTGATCGTTTCTCCAAACAGCTTCTTCAGATCATCGTATTCCGGAAGAGCCGGTTTCTCCGGATTGTTTTCGGTACACTTCACAAAGAATCTGATCGG,No match,0,0,0,0,0,0,0,0,0,0,0,0,0,0,0,0,0,0,0,0,0,9,9
ASV244,GGCTAAGGGTCACTACACTGAGGGTGCTGAGTTAGTTGATCAGGTCATTGATGTCGTTCGCCGTGAGGCTGAGGGCTGTGACTGCCTCCAGGGTTTCCAGATCACCCACTCTCTTGGTGGTGGTACTGGTGCCGGTATGGGTACTTTGTTGATCTCTAAGATCCGTGAAGAGTTTCCCGACCGCATGAAGGCCACCTTCTC,Junk,0,0,0,0,0,0,0,0,0,0,0,0,0,0,0,0,0,0,0,0,0,9,9
ASV245,AGCCACTGGGCCAAATATTTAATTAAAACTTTATGGATACCTTTACCAAATGGACCTTCGGGGACTCGAACCCAGGACCGACCGGTTATGAGCCGGTTGCTCTAACCAACTGAGCTAAAGGTCCATAAAGCCGATGATCGGACTCGAACCGATAACCTGCTGATTACAAATCAGCTGCTCTGCCAATTGAGCCACATCGGCACAAATTTGTGGCTTCCAGCCAATGACTCCTACGGGAATCGAACCCGTGTTACCGCCGTGAAAGGGCGATGTCTTAACCGCTTGACCAAGGAGCCTTATTTTTAAAAAACTCCCCC,Junk,0,0,0,0,0,0,8,0,0,0,0,0,0,0,0,0,0,0,0,0,0,0,8
ASV246,CTTGCTTCCATTACACTTGTAAGAGGCAATTTGAGAAGTTACTCCCCAGGAATTAAATTTTGTGGATAAACATTTTAGCTAATTGCATTATTGTCCTCAGAACATTGAAGGCAGCACTAAGCCAAACCAAGAAATCCAATTTATTTCTTTTTTTTTTCTTAAGCAATTAAATTCTCTTCCACTAACACATTTTAGGACTCAAGAAAAAATGCATATACTACATATTAGATGGATGGGAAAGATATAAAAGAAAGTTTTGTTTAAGTGTAAAATTTGTGTTTTAAAGAAGGGAAAA,Junk,0,0,0,0,0,0,0,0,0,0,0,0,8,0,0,0,0,0,0,0,0,0,8
ASV247,ACTCATTCTAATGAGATTAGAGCCTAACATTTCCTGAGTTTTGGGGTTTTGATTTCAGGAAAATTATTGCTCGAATTTACCAGTTCTGTGAGGCTAAAATGAGAGATGCATTATTTTTGTTCTAAGACTTAGAACAGTGGACTGACAAATGGGAAAATTAAGCTCTTATTTGCTTTCATTAATTTGATCACTGTTACCAAGTTCTGTGAAGTCTGGCAAACTAAGACCCA,Junk,0,0,0,0,0,0,0,0,0,0,0,0,0,0,0,0,0,0,0,8,0,0,8
ASV248,TTGCCAAGCTTGCAGGTAAGTTAAAATCCAAGGGAAAGAAACCTCTTCTTGTAGCCTGTGACGTATATCGTCCGGCTGCGATTACACAGCTTCAGGTAAATGGTGAAAAGCAGGGTGTGGAAGTCTTTTCCATGGGAGATAAACAGAAGCCTGTAGATATTGCAAAAGCAGCCGTTGAACATGCAAAATCCAATCAGCAGAATGTTGTTCTGATCGATACGGCAGGACGTCTTCACTTCTTCATGCC,Junk,7,0,0,0,0,0,0,0,0,0,0,0,0,0,0,0,0,0,0,0,0,0,7
ASV249,CCAGATCCTTATCTGCATCATACCCCTTTACAGTTGCTTCATAAACTTCGCCGTCAATACAGGTTACCGATACGGTATTAGCCCCCTCGATCACATGATAATTTGTTGCGATCAGAAGCTCTTCATCATTCTGTCCAATGATAATACCGGAGCCGCTTCCCTCTACCTCCTGCTGCTGTGTAGTAAATCCACCGAATCCAAAATCTCCCAGATACGTCTTCACTTCTTCATGCC,Junk,0,0,0,0,7,0,0,0,0,0,0,0,0,0,0,0,0,0,0,0,0,0,7
ASV250,CATCGTATTCCATGATACAGAATCCTGTTCTCTCCCCCTTGACTCCATCGTGACAGTAAAAAAACCGCAGCAGAACAAAGCTATGCCTCCTGTTATTAATGAACCACTGAAGCTCACCTGTCTCTACTTTCTTCAGGAGCTTCGCCGCTCAGGACAAAGCAGTCAGGACGCAGAACGCATCCGGAAACTTCGGGATCTTGAGCAGGAAATTATGGCGAATCTCGTCCGCTCAGACTTTATCCTTGCTCTCGACGTCACCGACATGAAGGGGCC,No match,0,0,0,0,0,7,0,0,0,0,0,0,0,0,0,0,0,0,0,0,0,0,7
ASV251,CTCCGGATCGGCGTCGTCGGAATGACGGCTGGGATTCTGCTTGGAGCAGGCTCATCTTTCTTTTTGATCCCAATGGTGGTAAAGACATTGGTACATGGAAAAGAAAGAGGGACTGTACAAGTGATCTTTCATCCGGTTATCATTTTGTTGACCGTTTTACTGACCGGATGTACCGTCTGGTATGCGGGAAGAAAGCCGACAAAGATCGCAGCAGAAAGTTCGCCTATAGAAGCGCTTGGATATCGTGTAGCTTCCGATGCGAGAAAGCGACACAAAACAAGAAAGGGAAAACTGGTTTTCCGTATGGCTCTGGAGCAATTGACGCGGAACAAGAAAAAAACAATGATAACGA,Junk,0,0,0,0,0,0,0,0,7,0,0,0,0,0,0,0,0,0,0,0,0,0,7
ASV252,TAGATTATGGATGTTTTGCGGAAAAATAAGGACGCAGACCGGATGAGAATGACGTTCTTGCGATGTTTAATATGTTTGAGGAGAAGCTTTTATCTATTCTTCACAACTTTGCAGAAGTGAAGGATGGTGTGTGCGAAATGGTGCGTGTGCTTCGGGCACAGGGGTTAAAAATTGGCTCAACAACAGGTTATAATGATAAGATGATGTCGAT,Junk,0,0,0,0,0,0,0,0,6,0,0,0,0,0,0,0,0,0,0,0,0,0,6
ASV253,CGTAGTACTTCTTCTGCCGGATTGCGGTGCTGGAAGATGAGGTTGTGCTCTTGGAGCTCTTCCTCTTCTTCGGCCGAAAACCAATAGCGTGCTCCATCCGAAAGTTCCTGTTTCAGTTGTGCATAGATTTGCTTGTGCTCAATGCAGGTACAATCAATTTTATCCTTTACCTCTACACAGAGAAAACGGCGGCTACCGG,Junk,0,0,0,0,0,0,0,0,6,0,0,0,0,0,0,0,0,0,0,0,0,0,6
ASV254,GAGGCACACACTGCAGAGGGGCAGAGCAAAACAGGGTCAGGGGTCACTCTGAAGAGCCTGCACCAGCTCAGCCTGCTTAGTTGTCCTGTGCCTCTTATCAGACAGCCCACAGCTGTTTACCACAGAAAAACAGGAGATCTGGGTGTTTTCTAAAGAACCATAAATAATCTGGGAGATAGAGTGGCATACCCAGGATATTCTCAGCTGTACTTGAAGATTCAAATATCACTAGGTGGCTTATAAACACTGCCTTTCTTCCCCATATTCCCACAAAACAACTAGAGGTTTTAGTGTTATTTAGTCTGAAAAGTAAAGAAACTATATGATGAG,Junk,0,0,0,0,0,0,0,0,0,0,0,0,6,0,0,0,0,0,0,0,0,0,6
ASV255,GGCAAAGGGGCACTACACGGAAGGAGCTGAGCTCGTCGATAACGTCCTTGATGTAGTTCGCAAAGAGGCGGAAGGATGCGATTGTCTTCAGGTACTTTCGGGTCATGTAGTTTTATCTGTTTTTTTTTGCTGATTTCGTTGTTGCAGGGCTTCCAATTGACTCACTCGCTTGGAGGAGGTACCGGATCGGGTATGGGAACTCTCCTCATCTCAAAAATCCGCGAGGAGTACCCTGATAGGATCATGTCCTCGTTCTCTGTTGTCCACGCACCAAAG,Hookworms,0,0,0,0,0,0,0,0,0,0,0,0,0,0,6,0,0,0,0,0,0,0,6
ASV256,TGGGTGCCTTCTGGGTGAGGACATCAATGGAGCCCAGTGTGGAGCCGTGGTCCGAGCCACTGGCCGCCTGGGCCCCCTGGAGGCAGGAAGGTATCCCTGTTCTGCAGTTTAGGGCAGGAAGCAATGAGAGGAGTGTCTCCTCCCAGAGCTGGGTGAGAGCAAACACATCTGCTCTGTTGGCTATAACTGGCTAAGTCACTCTGTCTCAGTTTCTCCATCTGTAAAATGGGAGAAGCTAGAGACTAAGGAGATCTCCCATTGAGTGTTAACTTGCATGGGGCAGGCACGAGTAAATGCCGTTCCGTTGTGGAGGCCGGCATTATTCC,Junk,0,0,0,0,0,0,0,0,0,0,0,0,0,0,0,0,0,0,0,0,6,0,6
ASV257,TGTTCCCCGCCTGCCTTCGCGGAACGGGTCGTCAAATACCGTTGTCCTGCCGCAAAGTCCTTCCTCTATCACACGGTATTCCTGCAATCCCAGTTTTTCATTTATAATGCTTGTCCAGCGCACGCCCCAGCCGTAGCGGTCTGTTGTCGCCGGTACCAGTCCATACGTATTTGAATCTCCAAAACATAAAATCTGCTTCATCGTACCACCTCTCTTTCCTGCATTTCTCCTGCACTTTTTTTGCCGCATGTCTTATGTAAAACCGGTTCGTTCCCATTTTCCGGAAAA,Junk,0,0,0,0,0,0,0,0,0,0,0,0,0,0,0,0,0,0,0,0,0,6,6
ASV258,GTGGCGCGTGCAGATATTGTGACTCCAAATCTTATGGAATTGTGTTTATTAACTGATGTGGACTATCATACAGTAGCAATGGAAATAGAGAAACGTAGGGAATGTACAACGAAGGTGATTCGAATGCTTGCAGAAAAATTGCTTGCAAACGGATGTAAAACAGTGATTGTTACAGGAATCCGATTTTGGGATGAAGATGAAAAACTTATCAAAATTGGAAATCTGACAGTTACAAAGGAACGGGCGGTAATGTCTGCTTTTCCGTATATAGGAGGAAGTTTTTCGGGAACTGGGGATTTATTTGCTTCGGTTGTTGCAGGTGG,No match,0,0,0,0,0,5,0,0,0,0,0,0,0,0,0,0,0,0,0,0,0,0,5
ASV259,GTATTTCCTGGGGGCCGCTGGTTTGGTGCTGCTGGCCATTATCGTGGTCTATATCGTTGTGAAAAAGCGTTACTGGTTCTGGTGATCCACTAGACCGGTCATAAAAACAGCATGGCATCTGCTATGCTGTTTTTATTTTGCCGCTCAATAAAAGAAACGGACAGGCCGGAAGTGAAAATCCAGCCTGTCCGTTTTTGCTTGTAGGTTCAG,Junk,0,0,0,0,0,0,0,5,0,0,0,0,0,0,0,0,0,0,0,0,0,0,5
ASV260,GTGAGACTTGACCTAGTAATGGATTATCGTGCACATCTAAAGTCATCAGTTTAGCTGCACTGCCGGAGTAGCCTTCCTTTTCTTCTACAATAGGAAAATCAAGTTTTCCTCCCATAGCTTCTACAAAAGCCTTAGCCATTACAGCTCCCTCATTTGAAGTAGCCAAAGCATCGAAAGGAACCGGAGACCACCAAGTTCCT,No match,0,0,0,0,0,0,0,5,0,0,0,0,0,0,0,0,0,0,0,0,0,0,5
ASV261,TCCGTAATCCAGCTGATAAAGTGCATCGGAACCGGGCATACTGGCCGAGGTGCTGCCAATGGTCAGCAGTTCCGGCGTATGTTTTAGCCGTAAAGTCTGAAAAGCCGACCGTAGCGCCGCTGTACACACCGAACTTTGCATGACGACTCCATCATACACGCTGCAATGATGCGCTAGCTCAAACGCTTGGTTCAAAGCAAGTTTGTAGTCTGCTGAGACTGTGACCAGTTCCAACTGTTCTTTTTTGGCAGCCCGCGTCATCTGTTCCAACAGACTATCGGTGG,No match,0,0,0,0,0,0,0,0,0,0,0,0,0,0,0,0,0,0,0,5,0,0,5
ASV262,AGCCACTGGGCCATATTCTATTATGTATTTGGATACCTTTAACAAATGGACCTTCGGGGACTCGAACCCAGGACCGACCGGTTATGAGCAGGTTGCTCTAACCAACTGAGCTAAAGGTCCAAAAAGCCGATGATCGGACTCGAACCGATACCCTGCTGATTACAAATCAGCTGCTCTGCCAATTGAGCCACATCGGCACACAATTAGAGGCTTACAGCCAGTGACTCCTACGGGAATCGAACCCGTGTTACCGCCGTGAAAGGGCGATGTCTTAACCGCTTGACCAAGGAGCCTTATTTTAAAAAACTCCCCC,Junk,0,0,0,0,0,0,0,4,0,0,0,0,0,0,0,0,0,0,0,0,0,0,4
ASV263,GGCAAAGGGACACTACACAGAGGGAGCTGAGCTCGTCGATAACGTCCTTGATGTAGTTCGCAAAGAGGCGGAAGGATGCGACTGTCTCCAGGTATTTCGCAACCGTGCAGCTATTCCTATAATTTTTTTGCTGATCTGATTTCTTCAGGGCTTCCAATTGACTCACTCGCTTGGAGGAGGTACCGGATCGGGTATGGGAACTCTCCTCATCTCAAAAATCCGCGAAGAGTACCCTGATAGGATTATGTCCTCGTTCTCTGTTGTCCCTTACCAAAG,Hookworms,0,0,0,0,0,0,0,0,0,0,0,0,4,0,0,0,0,0,0,0,0,0,4
ASV264,AACCACCCAGGTGCCCAGCAGAATATCTACTATGTGCCGTATGCTGAGCACTGTGAGAACATCTACCCATTACAGTTCATCCCTCCCATGGTCCAGGGACACAGACATGGCTGCCCTCACCACCCAGCTGAGGAAACAGTCTGAGGATGAAGAGGCACCTGGCCCGAAATTATACAAGTATCCGGCAAAGGTGAGGCTTGAACCAGGTTTGTTTGAATCAGAGGTTTTCCTTTCAACCTCTGTGTTCCTGAGTGTCTACTTCTGTG,Junk,0,0,0,0,0,0,0,0,0,0,0,0,0,4,0,0,0,0,0,0,0,0,4
ASV265,CGATGTCACCAAGAAGCGCAGCAGCCTCAGTAGTTACTACGTTCTGCTGGAATACGATCATTGCTTTCTTTGCATTTGCATAAAGCTCAGCGATCTCTTTAGCTTCTTCAGATACAGCAGCACCTTCTACAGATGCCTTGAATGCATCAAAGCCTTCTGCACCTGTGCCCTTGCCCATATCAAGAAGAGCCTTTACAACACCCTTGAAGAAACCAAGGC,Junk,0,0,0,0,0,0,0,0,0,0,0,0,0,4,0,0,0,0,0,0,0,0,4
ASV266,AACTACCAGACCATTTTGGTTGCGGGAGAAGGATTTGAACCAACGACCTTCGGGTTATGAGCCCGACGAGCTACCAGACTGCTCCATCCCGCGATATTCTTTTTTTAATAAATGGCGAGGGATGAGGGGTTCGAACCCCCGCGGGACGTTAATCCCCTGTCGGTTTTCAAGACCGATCCCTTCAGCCGGACTTGGGTAATCCCTCGCATTATTGGTGGACCC,Junk,0,0,0,0,0,0,0,0,0,0,0,0,0,0,4,0,0,0,0,0,0,0,4
ASV267,GGACGACATGGAGAAGATCTGGCACCACACCTTCTACAACGAACTCCGTGTCGCTCCCGAGGAGCACCCCATCCTCTTGACCGAAGCCCCCATCAACCCCAAGTCCAACCGTGAGAAGATGACCCAGATCGTCTTCGAAACCTTCAACGCCCCCGCCTTCTACGTCTCCATCCAGGCCGTCCTGTCCCTGTACGCCTCCGGTCGTACCACCGGTATCGTCCTGGACTCGGGTGACGGTGTCACTCA,Junk,0,0,0,0,0,0,0,0,0,0,0,0,0,0,4,0,0,0,0,0,0,0,4
ASV268,CACTGTTTCCATCAAAGAAGATAAATTTGCTAAGCATTAAAGTCAAAACAAATAAAGCAACCATCGCAACTGTATTGATTTTTCCAAGGTTTGTAATACCAACACCAATCCATACAAGAATCAAGATACCAATAATCAAACACCAGATCCATGCACCTGTATGCATAATACCATCTGCCGCAAGTGCACCATCATAAATCATGAT,Junk,0,0,0,0,0,0,0,0,0,0,0,3,0,0,0,0,0,0,0,0,0,0,3
ASV269,GGCAAAGGGACACTACACAGAGGGAGCTGAGCTCGTCGATAACGTCCTTGATGTAGTTCGCAAAGAGGCGGAAGGATGCGACTGTCTTCAGGTATTTCGCAACCGTGCAGCTATTCCTATAATTTTTTTGCTGATCTGATTTCTTCAGGGCTTCCAATTGACTCACTCGCTTGGAGGAGGTACCGGATCGGGTATGGGAACTCTCCTCATCTCAAAAATCCGCGAAGAGTACCCTGATAGGATTATGTCCTCGTTCTCTGTTGTCCCTTACCAAAG,Hookworms,0,0,0,0,0,0,0,0,0,0,0,0,3,0,0,0,0,0,0,0,0,0,3
ASV270,CTTACGGTTGGCATGAGTAGCCAAGATGGTACCATTTCCCGGAAGTGCCAGACCGATAGCCTCATTCAGGCAGTTCATAGAGTTGGCAGTAAACATACCTGAGCAGCTTCCGCACCCCGGACAAGCATGACGTTCAATTTCAGCTACGTCTTCATCGCTCACCGTCGAATCGGCCGACTTAATCATGGCATCAATCAAATCCAGA,Junk,0,0,0,0,0,0,0,0,0,0,0,0,0,0,0,3,0,0,0,0,0,0,3
ASV271,ATAAGGATTGGCAGAAGTGAAGCCATACTAAGATCAACCATCAGTACCTCGAGGGTAAAGACAAGTCCTGCGATTGGAGCCTTGAAGACTCCTGCAATAGCAGCACTGGCTCCACAGCCCACCAGCAGAATCATGGTCTTCTTATCCATACGGAAAATCTGTCCCAGATTGGAACCGATGGCAGAACCGGTAAGCACAATAGGTGCCTCGGCTCCAACAGATCCACCGAAACCAATGGTAATACCAGAAGCTACCACCGAAGACCAGCAGTTATGTCCTTTTAGTCGGGAGTTCTTGGTCGAGATGGCGTAAAGCACACGGGTAATACCATGCGAAA,Hookworms,0,0,0,0,0,0,0,0,0,0,0,0,0,0,0,0,0,3,0,0,0,0,3
ASV272,CACGTCGCTGACCGACATCAACTTCCCGAACAGCTTGGAGCGCGTGGACGGCCTGTACAGCGTGCCGCTTGATATCGCCGACTTCGGGCCGAACGTGTCGTACATCTCCGACAGCGCGTTCATGGGCGATATGCCGAACCACCTGATCCTGCGCGGCATGACCGGGTCCGGGGCATTCGAGGACTCCATGGACTTCACCGACGATGGCTTTATGGCATCGGCGTACTTTGGGCCGGGCGTGAAGAAAGCGCGCTTCAACAACGTGGCGCCGCAAACCATCG,Junk,0,0,0,0,0,0,0,0,0,0,0,2,0,0,0,0,0,0,0,0,0,0,2
ASV273,GGCAAAGGGACACTACACAGAGGGAGCTGAGCTCGTCGATAACGTCCTTGATGTAGTTCGCAAAGAGGCAGAAGGATGCGACTGTCTTCAGGTATTTCGCAACCGTGCAGCTCTTCCTGCATTTTCTTTTGCTGATCTGATTTTTTCAGGGCTTCCAATTGACTCACTCGCTTGGAGGAGGTACCGGATCGGGTATGGGAACTCTCCTCATCTCAAAAATCCGCGAAGAGTACCCTGATAGGATTATGTCCTCGTTCTC,Hookworms,0,0,0,0,0,0,0,0,0,0,0,0,0,2,0,0,0,0,0,0,0,0,2
ASV274,CCCCGCAACAAGAAAAGTGGCCTCTGTGACATCCAGCTCCTGAACGGGTAAAAACTGAGCCAGATAATGCTGACGAATTAACCGGTACACCTTAAGCTCATTATCACTCAGCGCCCCAATATTAAACGGCTGACGGGTGGGGATTATCGCATGATGCGCGGTGATCTTCCTGTCGTTCCAGATCCCCGACACAATATCAGGACTGAGTTTTGCCAGCTCCGGGGCAATATCCGGATCGGTTTTTTCCAGCGCTGCCAGTACGTCAGGCACTTCTTTGTACATCGACACAGGCAGATAACCGCAATCTGTACGCGGATA,Junk,0,0,0,0,0,0,0,0,0,0,0,0,0,0,0,0,0,2,0,0,0,0,2
ASV275,TTTGTAGAGCAAAGACCTTGAGGATCTAAGACCAAAAGGAACCATGAGCACACGAAGAGACTCTCAGAACACTGTACCTTCTTCAACTCAGAATGTACTGCACTGATCTCTCCTCAAAATTCCTCCAGAACAAGACTCAAATTTCTGCTTGTTATCTCTCCTTGATTAGAAGATTTAATCCGTAGGGAGATC,Junk,0,0,0,0,0,0,0,0,0,0,0,0,0,0,0,0,0,0,0,0,2,0,2
